college,cpl_url
Allan Hancock College,https://cpldashboardcccco.azurewebsites.net/allan
American River College,https://cpldashboardcccco.azurewebsites.net/AMEC
Antelope Valley College,https://cpldashboardcccco.azurewebsites.net/AVC
Bakersfield College,https://cpldashboardcccco.azurewebsites.net/Bakersfieldcollege
Barstow College,https://cpldashboardcccco.azurewebsites.net/BC
Berkeley City College,https://cpldashboardcccco.azurewebsites.net/BERC
Butte College,https://cpldashboardcccco.azurewebsites.net/BUTC
Cabrillo College,https://cpldashboardcccco.azurewebsites.net/CABC
Cañada College,https://cpldashboardcccco.azurewebsites.net/CA%C3%91C
Cerritos College,https://cpldashboardcccco.azurewebsites.net/www.cerritos.edu
Cerro Coso Community College,https://cpldashboardcccco.azurewebsites.net/CCCC
Chabot College,https://cpldashboardcccco.azurewebsites.net/CHAC
Chaffey College,https://cpldashboardcccco.azurewebsites.net/CHC
Citrus College,https://cpldashboardcccco.azurewebsites.net/CITR
City College of San Francisco,https://cpldashboardcccco.azurewebsites.net/CITC
Clovis Community College,https://cpldashboardcccco.azurewebsites.net/CLOC
Coalinga College,https://cpldashboardcccco.azurewebsites.net/COAL
Coastline Community College,https://cpldashboardcccco.azurewebsites.net/COAC
College of Alameda,https://cpldashboardcccco.azurewebsites.net/COA
College of Marin,https://cpldashboardcccco.azurewebsites.net/COM
College of San Mateo,https://cpldashboardcccco.azurewebsites.net/M
College of the Canyons,https://cpldashboardcccco.azurewebsites.net/Collegeofthecanyons
College of the Desert,https://cpldashboardcccco.azurewebsites.net/COD
College of the Redwoods,https://cpldashboardcccco.azurewebsites.net/COR
College of the Sequoias,https://cpldashboardcccco.azurewebsites.net/sequoias
College of the Siskiyous,https://cpldashboardcccco.azurewebsites.net/COSY
Columbia College,https://cpldashboardcccco.azurewebsites.net/CC
Compton Community College,https://cpldashboardcccco.azurewebsites.net/COMC
Contra Costa College,https://cpldashboardcccco.azurewebsites.net/CONC
Copper Mountain College,https://cpldashboardcccco.azurewebsites.net/CMC
Cosumnes River College,https://cpldashboardcccco.azurewebsites.net/COSC
Crafton Hills College,https://cpldashboardcccco.azurewebsites.net/CRAFC
Cuesta College,https://cpldashboardcccco.azurewebsites.net/CUEC
Cuyamaca College,https://cpldashboardcccco.azurewebsites.net/CUYC
Cypress College,https://cpldashboardcccco.azurewebsites.net/CYPC
De Anza College,https://cpldashboardcccco.azurewebsites.net/DEAC
Diablo Valley College,https://cpldashboardcccco.azurewebsites.net/DIAC
East Los Angeles College,https://cpldashboardcccco.azurewebsites.net/elac.edu
El Camino College,https://cpldashboardcccco.azurewebsites.net/EL%20C
Evergreen Valley College,https://cpldashboardcccco.azurewebsites.net/EVEC
Feather River College,https://cpldashboardcccco.azurewebsites.net/FEAC
Folsom Lake College,https://cpldashboardcccco.azurewebsites.net/FLC
Foothill College,https://cpldashboardcccco.azurewebsites.net/FOOC
Fresno City College,https://cpldashboardcccco.azurewebsites.net/FREC
Fullerton College,https://cpldashboardcccco.azurewebsites.net/FULC
Gavilan College,https://cpldashboardcccco.azurewebsites.net/GAVC
Glendale Community College,https://cpldashboardcccco.azurewebsites.net/GLEC
Golden West College,https://cpldashboardcccco.azurewebsites.net/GOLC
Grossmont College,https://cpldashboardcccco.azurewebsites.net/GROC
Hartnell College,https://cpldashboardcccco.azurewebsites.net/HARC
Imperial Valley College,https://cpldashboardcccco.azurewebsites.net/IMPC
Irvine Valley College,https://cpldashboardcccco.azurewebsites.net/IRVC
Lake Tahoe Community College,https://cpldashboardcccco.azurewebsites.net/LAKC
Laney College,https://cpldashboardcccco.azurewebsites.net/Laney
Las Positas College,https://cpldashboardcccco.azurewebsites.net/LPCC
Lassen College,https://cpldashboardcccco.azurewebsites.net/LCC
Lemoore College,https://cpldashboardcccco.azurewebsites.net/LECC
Long Beach City College,https://cpldashboardcccco.azurewebsites.net/LBCC
Los Angeles City College,https://cpldashboardcccco.azurewebsites.net/CLAC
Los Angeles Harbor College,https://cpldashboardcccco.azurewebsites.net/HLAC
Los Angeles Mission College,https://cpldashboardcccco.azurewebsites.net/MLAC
Los Angeles Pierce College,https://cpldashboardcccco.azurewebsites.net/LAPC
Los Angeles Southwest College,https://cpldashboardcccco.azurewebsites.net/SLAC
Los Angeles Trade-Tech College,https://cpldashboardcccco.azurewebsites.net/TLAC
Los Angeles Valley College,https://cpldashboardcccco.azurewebsites.net/LAVC
Los Medanos College,https://cpldashboardcccco.azurewebsites.net/losmedanos
Madera College,https://cpldashboardcccco.azurewebsites.net/MCC
Mendocino College,https://cpldashboardcccco.azurewebsites.net/MENC
Merced College,https://cpldashboardcccco.azurewebsites.net/MC
Merritt College,https://cpldashboardcccco.azurewebsites.net/Merritt
MiraCosta College,https://cpldashboardcccco.azurewebsites.net/MIRC
Mission College,https://cpldashboardcccco.azurewebsites.net/MISC
Modesto Junior College,https://cpldashboardcccco.azurewebsites.net/MJC
Monterey Peninsula College,https://cpldashboardcccco.azurewebsites.net/MPC
Moorpark College,https://cpldashboardcccco.azurewebsites.net/MoorparkCollege
Moreno Valley College,https://cpldashboardcccco.azurewebsites.net/morenovalley
Mt. San Antonio College,https://cpldashboardcccco.azurewebsites.net/MT.C
Mt. San Jacinto College,https://cpldashboardcccco.azurewebsites.net/m.sjc
Napa Valley College,https://cpldashboardcccco.azurewebsites.net/NAPC
Norco College,https://cpldashboardcccco.azurewebsites.net/norcocollege
Ohlone College,https://cpldashboardcccco.azurewebsites.net/OHLC
Orange Coast College,https://cpldashboardcccco.azurewebsites.net/ORAC
Oxnard College,https://cpldashboardcccco.azurewebsites.net/OXNC
Palo Verde College,https://cpldashboardcccco.azurewebsites.net/PVC
Palomar College,https://cpldashboardcccco.azurewebsites.net/PAL
Pasadena City College,https://cpldashboardcccco.azurewebsites.net/PCC
Porterville College,https://cpldashboardcccco.azurewebsites.net/PORC
Reedley College,https://cpldashboardcccco.azurewebsites.net/REEC
Rio Hondo College,https://cpldashboardcccco.azurewebsites.net/RIOC
Riverside City College,https://cpldashboardcccco.azurewebsites.net/RCC
Sacramento City College,https://cpldashboardcccco.azurewebsites.net/SACC
Saddleback College,https://cpldashboardcccco.azurewebsites.net/Saddleback
San Bernardino Valley College,https://cpldashboardcccco.azurewebsites.net/sanbernardino
San Diego City College,https://cpldashboardcccco.azurewebsites.net/sandiegocity
San Diego Mesa College,https://cpldashboardcccco.azurewebsites.net/SDMESA
San Diego Miramar College,https://cpldashboardcccco.azurewebsites.net/SDMIRA
San Joaquin Delta College,https://cpldashboardcccco.azurewebsites.net/SJDC
San Jose City College,https://cpldashboardcccco.azurewebsites.net/SJCC
Santa Ana College,https://cpldashboardcccco.azurewebsites.net/SAC
Santa Barbara City College,https://cpldashboardcccco.azurewebsites.net/SBCC
Santa Monica College,https://cpldashboardcccco.azurewebsites.net/SMC
Santa Rosa Junior College,https://cpldashboardcccco.azurewebsites.net/SRJC
Santiago Canyon College,https://cpldashboardcccco.azurewebsites.net/SCC
Shasta College,https://cpldashboardcccco.azurewebsites.net/shasta
Sierra College,https://cpldashboardcccco.azurewebsites.net/SIEC
Skyline College,https://cpldashboardcccco.azurewebsites.net/SKYC
Solano Community College,https://cpldashboardcccco.azurewebsites.net/SOLC
Southwestern College,https://cpldashboardcccco.azurewebsites.net/SOUC
Taft College,https://cpldashboardcccco.azurewebsites.net/TAFC
Ventura College,https://cpldashboardcccco.azurewebsites.net/VENC
Victor Valley College,https://cpldashboardcccco.azurewebsites.net/VVC
West Los Angeles College,https://cpldashboardcccco.azurewebsites.net/WLAC
West Valley College,https://cpldashboardcccco.azurewebsites.net/WVC
Woodland Community College,https://cpldashboardcccco.azurewebsites.net/WOOC
Yuba College,https://cpldashboardcccco.azurewebsites.net/YUC
