id,rule,group,key,title,issuer,evidence,suggestion,needs_judgment,initiated
F0001,roman_level,,Apparel Construction I,Apparel Construction I,California Community Colleges,roman token(s) I,Apparel Construction 1,False,True
F0002,roman_level,,Apparel Construction I Lab,Apparel Construction I Lab,California Community Colleges,roman token(s) I,Apparel Construction 1 Lab,False,True
F0003,roman_level,,Applied Biotechnology I,Applied Biotechnology I,California Community Colleges,roman token(s) I,Applied Biotechnology 1,False,True
F0004,roman_level,,Architectural Design I,Architectural Design I,California Community Colleges,roman token(s) I,Architectural Design 1,False,False
F0005,roman_level,,Architectural Drawing I,Architectural Drawing I,California Community Colleges,roman token(s) I,Architectural Drawing 1,False,True
F0006,roman_level,,Art of Graphic Design I,Art of Graphic Design I,Orange High School,roman token(s) I,Art of Graphic Design 1,False,True
F0007,roman_level,,ASME BPVC Section IX Pipe Welder Qualification — GMAW & FCAW,ASME BPVC Section IX Pipe Welder Qualification — GMAW & FCAW,American Society of Mechanical Engineers (ASME),roman token(s) IX,ASME BPVC Section 9 Pipe Welder Qualification — GMAW & FCAW,True,False
F0008,roman_level,,ASME BPVC Section IX Pipe Welder Qualification — GTAW,ASME BPVC Section IX Pipe Welder Qualification — GTAW,American Society of Mechanical Engineers (ASME),roman token(s) IX,ASME BPVC Section 9 Pipe Welder Qualification — GTAW,True,False
F0009,roman_level,,ASME BPVC Section IX Pipe Welder Qualification — SMAW,ASME BPVC Section IX Pipe Welder Qualification — SMAW,American Society of Mechanical Engineers (ASME),roman token(s) IX,ASME BPVC Section 9 Pipe Welder Qualification — SMAW,True,False
F0010,roman_level,,ASME BPVC Section IX — FCAW Welder Qualification,ASME BPVC Section IX — FCAW Welder Qualification,American Society of Mechanical Engineers (ASME),roman token(s) IX,ASME BPVC Section 9 — FCAW Welder Qualification,True,False
F0011,roman_level,,ASME BPVC Section IX — GMAW Welder Qualification,ASME BPVC Section IX — GMAW Welder Qualification,American Society of Mechanical Engineers (ASME),roman token(s) IX,ASME BPVC Section 9 — GMAW Welder Qualification,True,False
F0012,roman_level,,ASME BPVC Section IX — GTAW Welder Qualification,ASME BPVC Section IX — GTAW Welder Qualification,American Society of Mechanical Engineers (ASME),roman token(s) IX,ASME BPVC Section 9 — GTAW Welder Qualification,True,False
F0013,roman_level,,ASME BPVC Section IX — SMAW Welder Qualification,ASME BPVC Section IX — SMAW Welder Qualification,American Society of Mechanical Engineers (ASME),roman token(s) IX,ASME BPVC Section 9 — SMAW Welder Qualification,True,False
F0014,roman_level,,BIM and Sustainable Design Strategies I,BIM and Sustainable Design Strategies I,California Community Colleges,roman token(s) I,BIM and Sustainable Design Strategies 1,False,True
F0015,roman_level,,Calculus I With Analytic Geometry,Calculus I With Analytic Geometry,California Community Colleges,roman token(s) I,Calculus 1 With Analytic Geometry,False,False
F0016,roman_level,,Calculus II,Calculus II,California Community Colleges,roman token(s) II,Calculus 2,False,True
F0017,roman_level,,Calculus II With Analytic Geometry,Calculus II With Analytic Geometry,California Community Colleges,roman token(s) II,Calculus 2 With Analytic Geometry,False,False
F0018,roman_level,,Class Piano — Beginning II,Class Piano — Beginning II,California Community Colleges,roman token(s) II,Class Piano — Beginning 2,False,True
F0019,roman_level,,CLEP French Language Level I,CLEP French Language Level I,College Board,roman token(s) I,CLEP French Language Level 1,False,False
F0020,roman_level,,CLEP French Language Level II,CLEP French Language Level II,College Board,roman token(s) II,CLEP French Language Level 2,False,False
F0021,roman_level,,CLEP German Language Level I,CLEP German Language Level I,College Board,roman token(s) I,CLEP German Language Level 1,False,False
F0022,roman_level,,CLEP German Language Level II,CLEP German Language Level II,College Board,roman token(s) II,CLEP German Language Level 2,False,False
F0023,roman_level,,CLEP History of the United States I,CLEP History of the United States I,College Board,roman token(s) I,CLEP History of the United States 1,False,False
F0024,roman_level,,CLEP History of the United States II,CLEP History of the United States II,College Board,roman token(s) II,CLEP History of the United States 2,False,False
F0025,roman_level,,CLEP Spanish Language Level I,CLEP Spanish Language Level I,College Board,roman token(s) I,CLEP Spanish Language Level 1,False,False
F0026,roman_level,,CLEP Spanish Language Level II,CLEP Spanish Language Level II,College Board,roman token(s) II,CLEP Spanish Language Level 2,False,False
F0027,roman_level,,CLEP Spanish with Writing I,CLEP Spanish with Writing I,College Board,roman token(s) I,CLEP Spanish with Writing 1,False,False
F0028,roman_level,,CLEP Spanish with Writing II,CLEP Spanish with Writing II,College Board,roman token(s) II,CLEP Spanish with Writing 2,False,False
F0029,roman_level,,CLEP Spanish with Writing Level I,CLEP Spanish with Writing Level I,College Board,roman token(s) I,CLEP Spanish with Writing Level 1,False,False
F0030,roman_level,,CLEP Spanish with Writing Level II,CLEP Spanish with Writing Level II,College Board,roman token(s) II,CLEP Spanish with Writing Level 2,False,False
F0031,roman_level,,CLEP Western Civilization I,CLEP Western Civilization I,College Board,roman token(s) I,CLEP Western Civilization 1,False,False
F0032,roman_level,,CLEP Western Civilization II,CLEP Western Civilization II,College Board,roman token(s) II,CLEP Western Civilization 2,False,False
F0033,roman_level,,Diagnostic Medical Sonography — Clinical Education IV,Diagnostic Medical Sonography — Clinical Education IV,California Community Colleges,roman token(s) IV,Diagnostic Medical Sonography — Clinical Education 4,False,True
F0034,roman_level,,Digital Video I,Digital Video I,California Community Colleges,roman token(s) I,Digital Video 1,False,True
F0035,roman_level,,DSLR and Lighting for Professional Production I Beginning,DSLR and Lighting for Professional Production I Beginning,California Community Colleges,roman token(s) I,DSLR and Lighting for Professional Production 1 Beginning,False,True
F0036,roman_level,,DSST Principles of Physical Science I,DSST Principles of Physical Science I,Defense Activity for Non-Traditional Education Support (DANTES),roman token(s) I,DSST Principles of Physical Science 1,False,False
F0037,roman_level,,Elementary Spanish I,Elementary Spanish I,California Community Colleges,roman token(s) I,Elementary Spanish 1,False,True
F0038,roman_level,,EMT-II Certification,EMT-II Certification,California Emergency Medical Services Authority (EMSA),roman token(s) II,EMT-2 Certification,False,False
F0039,roman_level,,Engineering Design II Honors Advanced,Engineering Design II Honors Advanced,Chaffey Joint Union High School District,roman token(s) II,Engineering Design 2 Honors Advanced,False,False
F0040,roman_level,,Exploring Culture through Academic Discourse I,Exploring Culture through Academic Discourse I,California Community Colleges,roman token(s) I,Exploring Culture through Academic Discourse 1,False,True
F0041,roman_level,,Exploring Culture through Academic Discourse II,Exploring Culture through Academic Discourse II,California Community Colleges,roman token(s) II,Exploring Culture through Academic Discourse 2,False,True
F0042,roman_level,,Field Studies & Seminar I,Field Studies & Seminar I,California Community Colleges,roman token(s) I,Field Studies & Seminar 1,False,True
F0043,roman_level,,Fire Inspector I,Fire Inspector I,National Fire Protection Association (NFPA),roman token(s) I,Fire Inspector 1,False,False
F0044,roman_level,,Fire Instructor II,Fire Instructor II,National Fire Protection Association (NFPA),roman token(s) II,Fire Instructor 2,False,False
F0045,roman_level,,Fire Officer II,Fire Officer II,National Fire Protection Association (NFPA),roman token(s) II,Fire Officer 2,False,False
F0046,roman_level,,Firefighter I,Firefighter I,National Fire Protection Association (NFPA),roman token(s) I,Firefighter 1,False,False
F0047,roman_level,,Firefighter I Academy,Firefighter I Academy,California State Fire Training (SFT),roman token(s) I,Firefighter 1 Academy,False,False
F0048,roman_level,,Firefighter II,Firefighter II,National Fire Protection Association (NFPA),roman token(s) II,Firefighter 2,False,False
F0049,roman_level,,Floral Design and Practices I,Floral Design and Practices I,California Community Colleges,roman token(s) I,Floral Design and Practices 1,False,True
F0050,roman_level,,French — Level II,French — Level II,California Community Colleges,roman token(s) II,French — Level 2,False,True
F0051,roman_level,,Funeral Service Administration II,Funeral Service Administration II,California Community Colleges,roman token(s) II,Funeral Service Administration 2,False,True
F0052,roman_level,,Funeral Service Ethics and Laws I,Funeral Service Ethics and Laws I,California Community Colleges,roman token(s) I,Funeral Service Ethics and Laws 1,False,True
F0053,roman_level,,Funeral Service Ethics and Laws II,Funeral Service Ethics and Laws II,California Community Colleges,roman token(s) II,Funeral Service Ethics and Laws 2,False,True
F0054,roman_level,,Garde Manger II,Garde Manger II,California Community Colleges,roman token(s) II,Garde Manger 2,False,True
F0055,roman_level,,Graphic Design I,Graphic Design I,Cleveland High School,roman token(s) I,Graphic Design 1,False,True
F0056,roman_level,,I-CAR Estimating Certification,I-CAR Estimating Certification,Inter-Industry Conference on Auto Collision Repair (I-CAR),roman token(s) I,1-CAR Estimating Certification,False,False
F0057,roman_level,,"I-CAR Platinum Certification (Structural, Non-Structural, Refinish, Estimating)","I-CAR Platinum Certification (Structural, Non-Structural, Refinish, Estimating)",Inter-Industry Conference on Auto Collision Repair (I-CAR),roman token(s) I,"1-CAR Platinum Certification (Structural, Non-Structural, Refinish, Estimating)",False,False
F0058,roman_level,,I-CAR Refinish Certification,I-CAR Refinish Certification,Inter-Industry Conference on Auto Collision Repair (I-CAR),roman token(s) I,1-CAR Refinish Certification,False,False
F0059,roman_level,,I-CAR Structural Certification,I-CAR Structural Certification,Inter-Industry Conference on Auto Collision Repair (I-CAR),roman token(s) I,1-CAR Structural Certification,False,False
F0060,roman_level,,Introduction to Acoustical Apprenticeship II,Introduction to Acoustical Apprenticeship II,Carpenters Training Committee for Northern California (CTCNC),roman token(s) II,Introduction to Acoustical Apprenticeship 2,False,False
F0061,roman_level,,Introduction to Apprenticeship I,Introduction to Apprenticeship I,Carpenters Training Committee for Northern California (CTCNC),roman token(s) I,Introduction to Apprenticeship 1,False,False
F0062,roman_level,,Introduction to Apprenticeship II,Introduction to Apprenticeship II,Carpenters Training Committee for Northern California (CTCNC),roman token(s) II,Introduction to Apprenticeship 2,False,False
F0063,roman_level,,Ironworker Apprenticeship — Post Tensioning I,Ironworker Apprenticeship — Post Tensioning I,"International Association of Bridge, Structural, Ornamental and Reinforcing Iron Workers",roman token(s) I,Ironworker Apprenticeship — Post Tensioning 1,False,False
F0064,roman_level,,Ironworker Apprenticeship — Post Tensioning II,Ironworker Apprenticeship — Post Tensioning II,"International Association of Bridge, Structural, Ornamental and Reinforcing Iron Workers",roman token(s) II,Ironworker Apprenticeship — Post Tensioning 2,False,False
F0065,roman_level,,Ironworker Apprenticeship — Reinforcing II,Ironworker Apprenticeship — Reinforcing II,"International Association of Bridge, Structural, Ornamental and Reinforcing Iron Workers",roman token(s) II,Ironworker Apprenticeship — Reinforcing 2,False,False
F0066,roman_level,,Ironworker Apprenticeship — Welding I,Ironworker Apprenticeship — Welding I,"International Association of Bridge, Structural, Ornamental and Reinforcing Iron Workers",roman token(s) I,Ironworker Apprenticeship — Welding 1,False,False
F0067,roman_level,,Ironworker Apprenticeship — Welding II,Ironworker Apprenticeship — Welding II,"International Association of Bridge, Structural, Ornamental and Reinforcing Iron Workers",roman token(s) II,Ironworker Apprenticeship — Welding 2,False,False
F0068,roman_level,,Ironworker Architectural II,Ironworker Architectural II,"International Association of Bridge, Structural, Ornamental and Reinforcing Iron Workers",roman token(s) II,Ironworker Architectural 2,False,True
F0069,roman_level,,Ironworker Architectural III,Ironworker Architectural III,"International Association of Bridge, Structural, Ornamental and Reinforcing Iron Workers",roman token(s) III,Ironworker Architectural 3,False,True
F0070,roman_level,,Ironworker Structural Steel I,Ironworker Structural Steel I,"International Association of Bridge, Structural, Ornamental and Reinforcing Iron Workers",roman token(s) I,Ironworker Structural Steel 1,False,True
F0071,roman_level,,Ironworker Structural Steel II,Ironworker Structural Steel II,"International Association of Bridge, Structural, Ornamental and Reinforcing Iron Workers",roman token(s) II,Ironworker Structural Steel 2,False,True
F0072,roman_level,,"Ironworker Structural, Architectural and Ornamental I","Ironworker Structural, Architectural and Ornamental I","International Association of Bridge, Structural, Ornamental and Reinforcing Iron Workers",roman token(s) I,"Ironworker Structural, Architectural and Ornamental 1",False,True
F0073,roman_level,,Ironworker Welding III,Ironworker Welding III,"International Association of Bridge, Structural, Ornamental and Reinforcing Iron Workers",roman token(s) III,Ironworker Welding 3,False,True
F0074,roman_level,,Jazz and Popular Music Guitar I,Jazz and Popular Music Guitar I,California Community Colleges,roman token(s) I,Jazz and Popular Music Guitar 1,False,False
F0075,roman_level,,Landscape Installation and Maintenance I,Landscape Installation and Maintenance I,California Community Colleges,roman token(s) I,Landscape Installation and Maintenance 1,False,True
F0076,roman_level,,Metal Building Erection I / Foreman Training,Metal Building Erection I / Foreman Training,California Community Colleges,roman token(s) I,Metal Building Erection 1 / Foreman Training,False,True
F0077,roman_level,,Musical Theater Workshop I,Musical Theater Workshop I,California Community Colleges,roman token(s) I,Musical Theater Workshop 1,False,False
F0078,roman_level,,Patient-Centered Care I and Family-Centered Care of Children,Patient-Centered Care I and Family-Centered Care of Children,California Community Colleges,roman token(s) I,Patient-Centered Care 1 and Family-Centered Care of Children,False,True
F0079,roman_level,,Patient-Centered Care II and Maternal Newborn and Mental Health Nursing,Patient-Centered Care II and Maternal Newborn and Mental Health Nursing,California Community Colleges,roman token(s) II,Patient-Centered Care 2 and Maternal Newborn and Mental Health Nursing,False,True
F0080,roman_level,,Patient-Centered Care III and Transition to Professional Practice,Patient-Centered Care III and Transition to Professional Practice,California Community Colleges,roman token(s) III,Patient-Centered Care 3 and Transition to Professional Practice,False,True
F0081,roman_level,,Piano II,Piano II,California Community Colleges,roman token(s) II,Piano 2,False,False
F0082,roman_level,,Programming Concepts and Methodology I,Programming Concepts and Methodology I,California Community Colleges,roman token(s) I,Programming Concepts and Methodology 1,False,True
F0083,roman_level,,Recording Arts Workshop I,Recording Arts Workshop I,California Community Colleges,roman token(s) I,Recording Arts Workshop 1,False,False
F0084,roman_level,,Recording Arts Workshop II,Recording Arts Workshop II,California Community Colleges,roman token(s) II,Recording Arts Workshop 2,False,False
F0085,roman_level,,Recording Arts Workshop III,Recording Arts Workshop III,California Community Colleges,roman token(s) III,Recording Arts Workshop 3,False,False
F0086,roman_level,,Red Hat Linux Administration I,Red Hat Linux Administration I,Red Hat,roman token(s) I,Red Hat Linux Administration 1,False,False
F0087,roman_level,,Restaurant Service and Catering II,Restaurant Service and Catering II,California Community Colleges,roman token(s) II,Restaurant Service and Catering 2,False,True
F0088,roman_level,,SFT Firefighter II,SFT Firefighter II,California State Fire Training (SFT),roman token(s) II,SFT Firefighter 2,False,False
F0089,roman_level,,Single Variable Calculus I Early Transcendentals,Single Variable Calculus I Early Transcendentals,California Community Colleges,roman token(s) I,Single Variable Calculus 1 Early Transcendentals,False,True
F0090,roman_level,,SolidWorks I,SolidWorks I,Dassault Systèmes,roman token(s) I,SolidWorks 1,False,False
F0091,roman_level,,Spanish I,Spanish I,California Community Colleges,roman token(s) I,Spanish 1,False,True
F0092,roman_level,,Spanish II,Spanish II,California Community Colleges,roman token(s) II,Spanish 2,False,True
F0093,roman_level,,Street Dance I,Street Dance I,California Community Colleges,roman token(s) I,Street Dance 1,False,True
F0094,roman_level,,Street Dance II,Street Dance II,California Community Colleges,roman token(s) II,Street Dance 2,False,True
F0095,roman_level,,Street Dance III,Street Dance III,California Community Colleges,roman token(s) III,Street Dance 3,False,True
F0096,roman_level,,Street Dance IV,Street Dance IV,California Community Colleges,roman token(s) IV,Street Dance 4,False,True
F0097,roman_level,,Strength of Architectural Materials I,Strength of Architectural Materials I,California Community Colleges,roman token(s) I,Strength of Architectural Materials 1,False,True
F0098,roman_level,,Swiftwater Rescue Technician I,Swiftwater Rescue Technician I,California State Fire Training (SFT),roman token(s) I,Swiftwater Rescue Technician 1,False,False
F0099,roman_level,,Visual Basic Programming I,Visual Basic Programming I,California Community Colleges,roman token(s) I,Visual Basic Programming 1,False,True
F0100,roman_level,,Voice Development I,Voice Development I,California Community Colleges,roman token(s) I,Voice Development 1,False,True
F0101,roman_level,,Voice Development II,Voice Development II,California Community Colleges,roman token(s) II,Voice Development 2,False,True
F0102,roman_level,,Voice Technique I,Voice Technique I,California Community Colleges,roman token(s) I,Voice Technique 1,False,True
F0103,roman_level,,Voice Technique II,Voice Technique II,California Community Colleges,roman token(s) II,Voice Technique 2,False,True
F0104,roman_level,,Wastewater Treatment Plant Operator Grade I,Wastewater Treatment Plant Operator Grade I,California Water Environment Association (CWEA),roman token(s) I,Wastewater Treatment Plant Operator Grade 1,False,False
F0105,roman_level,,Wastewater Treatment Plant Operator Grade II,Wastewater Treatment Plant Operator Grade II,California Water Environment Association (CWEA),roman token(s) II,Wastewater Treatment Plant Operator Grade 2,False,False
F0106,roman_level,,Water Distribution Operator I,Water Distribution Operator I,California Community Colleges,roman token(s) I,Water Distribution Operator 1,False,False
F0107,roman_level,,Web Publishing I,Web Publishing I,California Community Colleges,roman token(s) I,Web Publishing 1,False,True
F0108,roman_level,,Welding II,Welding II,Carpenters Training Committee for Northern California (CTCNC),roman token(s) II,Welding 2,False,False
F0109,roman_level,,Welding II SMAW,Welding II SMAW,Carpenters Training Committee for Northern California (CTCNC),roman token(s) II,Welding 2 SMAW,False,False
F0110,norm_dup_titles,G001,Blueprint Reading-Commercial,Blueprint Reading-Commercial,Carpenters Training Committee for Northern California (CTCNC),same normalized title as: ,duplicate canonical keys after normalization — merge or differentiate,True,False
F0111,norm_dup_titles,G001,Carpenters Training Committee for Northern California Apprenticeship — CARP 315,Blueprint Reading-Commercial,Carpenters Training Committee for Northern California (CTCNC),same normalized title as: ,duplicate canonical keys after normalization — merge or differentiate,True,True
F0112,norm_dup_titles,G002,Blueprint Reading-Residential,Blueprint Reading-Residential,Carpenters Training Committee for Northern California (CTCNC),same normalized title as: ,duplicate canonical keys after normalization — merge or differentiate,True,False
F0113,norm_dup_titles,G002,Carpenters Apprenticeship — CARP 005,Blueprint Reading-Residential,Carpenters Training Committee for Northern California (CTCNC),same normalized title as: ,duplicate canonical keys after normalization — merge or differentiate,True,True
F0114,norm_dup_titles,G002,Carpenters Training Committee for Northern California Apprenticeship — CARP 605,Blueprint Reading-Residential,Carpenters Training Committee for Northern California (CTCNC),same normalized title as: ,duplicate canonical keys after normalization — merge or differentiate,True,True
F0115,norm_dup_titles,G002,Carpenters Training Committee for Northern California Apprenticeship — CARP 702,Blueprint Reading-Residential,Carpenters Training Committee for Northern California (CTCNC),same normalized title as: ,duplicate canonical keys after normalization — merge or differentiate,True,True
F0116,norm_dup_titles,G003,Carpenters Apprenticeship — CARP 017,Introduction to Welding and Cutting,Carpenters Training Committee for Northern California (CTCNC),same normalized title as: ,duplicate canonical keys after normalization — merge or differentiate,True,True
F0117,norm_dup_titles,G003,Introduction to Welding and Cutting,Introduction to Welding and Cutting,Carpenters Training Committee for Northern California (CTCNC),same normalized title as: ,duplicate canonical keys after normalization — merge or differentiate,True,False
F0118,norm_dup_titles,G004,Carpenters Training Committee for Northern California Apprenticeship — CARP 310,Layout/Leveling Construction Site Practice,Carpenters Training Committee for Northern California (CTCNC),same normalized title as: ,duplicate canonical keys after normalization — merge or differentiate,True,True
F0119,norm_dup_titles,G004,Layout/Leveling Construction Site Practice,Layout/Leveling Construction Site Practice,Carpenters Training Committee for Northern California (CTCNC),same normalized title as: ,duplicate canonical keys after normalization — merge or differentiate,True,False
F0120,norm_dup_titles,G005,Carpenters Training Committee for Northern California Apprenticeship — CARP 704,Interior Systems,Carpenters Training Committee for Northern California (CTCNC),same normalized title as: ,duplicate canonical keys after normalization — merge or differentiate,True,True
F0121,norm_dup_titles,G005,Interior Systems,Interior Systems,Carpenters Training Committee for Northern California (CTCNC),same normalized title as: ,duplicate canonical keys after normalization — merge or differentiate,True,False
F0122,level_notation_twins,G006,Fire Instructor 2,Fire Instructor 2,California State Fire Training (SFT),same normalized title as: Fire Instructor II,merge candidates (one credential per C2),True,False
F0123,level_notation_twins,G006,Fire Instructor II,Fire Instructor II,National Fire Protection Association (NFPA),same normalized title as: Fire Instructor 2,merge candidates (one credential per C2),True,False
F0124,level_notation_twins,G007,Firefighter 1,Firefighter 1,California State Fire Training (SFT),same normalized title as: Firefighter I,merge candidates (one credential per C2),True,False
F0125,level_notation_twins,G007,Firefighter I,Firefighter I,National Fire Protection Association (NFPA),same normalized title as: Firefighter 1,merge candidates (one credential per C2),True,False
F0126,level_notation_twins,G008,Firefighter 1 Academy,Firefighter 1 Academy,California State Fire Training (SFT),same normalized title as: Firefighter I Academy,merge candidates (one credential per C2),True,False
F0127,level_notation_twins,G008,Firefighter I Academy,Firefighter I Academy,California State Fire Training (SFT),same normalized title as: Firefighter 1 Academy,merge candidates (one credential per C2),True,False
F0128,level_notation_twins,G009,Firefighter 2,Firefighter 2,California State Fire Training (SFT),same normalized title as: Firefighter II,merge candidates (one credential per C2),True,False
F0129,level_notation_twins,G009,Firefighter II,Firefighter II,National Fire Protection Association (NFPA),same normalized title as: Firefighter 2,merge candidates (one credential per C2),True,False
F0130,norm_dup_titles,G010,Medical Core,Medical Core,Canyon High School,same normalized title as: ,duplicate canonical keys after normalization — merge or differentiate,True,True
F0131,norm_dup_titles,G010,Medical Core (High School Articulation) — El Modena High School,Medical Core,El Modena High School,same normalized title as: ,duplicate canonical keys after normalization — merge or differentiate,True,True
F0132,norm_dup_titles,G010,Medical Core (High School Articulation) — Orange High School,Medical Core,Orange High School,same normalized title as: ,duplicate canonical keys after normalization — merge or differentiate,True,True
F0133,norm_dup_titles,G010,Medical Core (High School Articulation) — Santiago High School,Medical Core,Santiago High School,same normalized title as: ,duplicate canonical keys after normalization — merge or differentiate,True,True
F0134,norm_dup_titles,G010,Medical Core (High School Articulation) — Villa Park High School,Medical Core,Villa Park High School,same normalized title as: ,duplicate canonical keys after normalization — merge or differentiate,True,True
F0135,norm_dup_titles,G011,Spanish for Heritage Speakers 1,Spanish for Heritage Speakers 1,California Community Colleges,same normalized title as: ,duplicate canonical keys after normalization — merge or differentiate,True,True
F0136,norm_dup_titles,G011,Spanish for Spanish Speakers 1,Spanish for Heritage Speakers 1,California Community Colleges,same normalized title as: ,duplicate canonical keys after normalization — merge or differentiate,True,True
F0137,norm_dup_titles,G012,Spanish for Heritage Speakers 2,Spanish for Heritage Speakers 2,California Community Colleges,same normalized title as: ,duplicate canonical keys after normalization — merge or differentiate,True,True
F0138,norm_dup_titles,G012,Spanish for Spanish Speakers 2,Spanish for Heritage Speakers 2,California Community Colleges,same normalized title as: ,duplicate canonical keys after normalization — merge or differentiate,True,True
F0139,level_notation_twins,G013,Welding 2,Welding 2,Carpenters Training Committee for Northern California (CTCNC),same normalized title as: Welding II,merge candidates (one credential per C2),True,False
F0140,level_notation_twins,G013,Welding II,Welding II,Carpenters Training Committee for Northern California (CTCNC),same normalized title as: Welding 2,merge candidates (one credential per C2),True,False
F0141,level_notation_twins,G014,Welding 2 SMAW,Welding 2 SMAW,Carpenters Training Committee for Northern California (CTCNC),same normalized title as: Welding II SMAW,merge candidates (one credential per C2),True,False
F0142,level_notation_twins,G014,Welding II SMAW,Welding II SMAW,Carpenters Training Committee for Northern California (CTCNC),same normalized title as: Welding 2 SMAW,merge candidates (one credential per C2),True,False
F0143,bare_vs_leveled,,AP Physics,AP Physics,College Board,bare title coexists with leveled sibling(s): AP Physics 1 | AP Physics 2,verify: should this carry a level (was one stripped)?,True,False
F0144,bare_vs_leveled,,Blueprint Reading,Blueprint Reading,California Community Colleges,bare title coexists with leveled sibling(s): Blueprint Reading 1 | Blueprint Reading 2 | Blueprint Reading 3,verify: should this carry a level (was one stripped)?,True,True
F0145,bare_vs_leveled,,Modern Dance Techniques,Modern Dance Techniques,CHAMPS High School,bare title coexists with leveled sibling(s): Modern Dance Techniques 1 | Modern Dance Techniques 2,verify: should this carry a level (was one stripped)?,True,True
F0146,bare_vs_leveled,,Spanish,Spanish,California Community Colleges,bare title coexists with leveled sibling(s): Spanish 3 | Spanish I | Spanish II,verify: should this carry a level (was one stripped)?,True,True
F0147,issuer_variant_cluster,G015,,,,International Code Council (5 rows) | International Code Council (ICC) (5 rows),consolidate to ONE canonical issuer string (C4: long form + short in parens),True,False
F0148,issuer_variant_cluster,G016,,,,American Welding Society (1 rows) | American Welding Society (AWS) (18 rows),consolidate to ONE canonical issuer string (C4: long form + short in parens),True,False
F0149,issuer_variant_cluster,G017,,,,California Department of Corrections and Rehabilitation (CDCR) / Commission on Correctional Peace Officer Standards and Training (CPOST) (1 rows) | California Department of Corrections and Rehabilitation / Commission on Correctional Peace Officer Standards and Training (CDCR/CPOST) (1 rows),consolidate to ONE canonical issuer string (C4: long form + short in parens),True,False
F0150,issuer_variant_cluster,G018,,,,American Payroll Association (APA) (1 rows) | American Payroll Association (PayrollOrg) (1 rows),consolidate to ONE canonical issuer string (C4: long form + short in parens),True,False
F0151,issuer_variant_cluster,G019,,,,Dental Board of California (1 rows) | Dental Board of California (DBC) (1 rows),consolidate to ONE canonical issuer string (C4: long form + short in parens),True,False
F0152,issuer_variant_cluster,G020,,,,Amazon Web Services (AWS) (5 rows) | American Welding Society (AWS) (18 rows),consolidate to ONE canonical issuer string (C4: long form + short in parens),True,False
F0153,issuer_variant_cluster,G021,,,,American College of Sports Medicine (ACSM) (1 rows) | American College of Sports Medicine (ACSM) / National Strength and Conditioning Association (NSCA) (1 rows),consolidate to ONE canonical issuer string (C4: long form + short in parens),True,False
F0154,issuer_variant_cluster,G022,,,,American Council on Education (ACE) (21 rows) | American Council on Exercise (ACE) (1 rows),consolidate to ONE canonical issuer string (C4: long form + short in parens),True,False
F0155,issuer_variant_cluster,G023,,,,American Heart Association (AHA) (2 rows) | American Heart Association (AHA) / American Red Cross (1 rows),consolidate to ONE canonical issuer string (C4: long form + short in parens),True,False
F0156,issuer_variant_cluster,G024,,,,Board of Vocational Nursing and Psychiatric Technicians (BVNPT) (1 rows) | California Board of Vocational Nursing and Psychiatric Technicians (BVNPT) (3 rows),consolidate to ONE canonical issuer string (C4: long form + short in parens),True,False
F0157,issuer_variant_cluster,G025,,,,NCCER (13 rows) | National Center for Construction Education and Research (NCCER) (6 rows),consolidate to ONE canonical issuer string (C4: long form + short in parens),True,False
F0158,issuer_variant_cluster,G026,,,,National Wildfire Coordinating Group (NWCG) (9 rows) | National Wildfire Coordinating Group (NWCG) / FEMA (1 rows),consolidate to ONE canonical issuer string (C4: long form + short in parens),True,False
F0159,issuer_variant_cluster,G027,,,,Occupational Safety and Health Administration (OSHA) (2 rows) | U.S. Occupational Safety and Health Administration (OSHA) (9 rows),consolidate to ONE canonical issuer string (C4: long form + short in parens),True,False
F0160,issuer_variant_cluster,G028,,,,U.S. Green Building Council (USGBC) (3 rows) | U.S. Green Building Council (USGBC) / Green Business Certification Inc. (GBCI) (1 rows),consolidate to ONE canonical issuer string (C4: long form + short in parens),True,False
F0161,issuer_variant_cluster,G029,,,,United Association (UA) (1 rows) | United Association (UA) Local 342 (23 rows),consolidate to ONE canonical issuer string (C4: long form + short in parens),True,False
F0162,issuer_family_mixed,,Fire Instructor 1,Fire Instructor 1,California State Fire Training (SFT),level family 'Fire Instructor' spans issuers: California State Fire Training (SFT) | National Fire Protection Association (NFPA),verify: same program family should share one issuer (or these are genuinely different credentials),True,False
F0163,issuer_family_mixed,,Fire Instructor 2,Fire Instructor 2,California State Fire Training (SFT),level family 'Fire Instructor' spans issuers: California State Fire Training (SFT) | National Fire Protection Association (NFPA),verify: same program family should share one issuer (or these are genuinely different credentials),True,False
F0164,issuer_family_mixed,,Fire Instructor II,Fire Instructor II,National Fire Protection Association (NFPA),level family 'Fire Instructor' spans issuers: California State Fire Training (SFT) | National Fire Protection Association (NFPA),verify: same program family should share one issuer (or these are genuinely different credentials),True,False
F0165,issuer_family_mixed,,Firefighter 1,Firefighter 1,California State Fire Training (SFT),level family 'Firefighter' spans issuers: California State Fire Training (SFT) | National Fire Protection Association (NFPA),verify: same program family should share one issuer (or these are genuinely different credentials),True,False
F0166,issuer_family_mixed,,Firefighter 2,Firefighter 2,California State Fire Training (SFT),level family 'Firefighter' spans issuers: California State Fire Training (SFT) | National Fire Protection Association (NFPA),verify: same program family should share one issuer (or these are genuinely different credentials),True,False
F0167,issuer_family_mixed,,Firefighter I,Firefighter I,National Fire Protection Association (NFPA),level family 'Firefighter' spans issuers: California State Fire Training (SFT) | National Fire Protection Association (NFPA),verify: same program family should share one issuer (or these are genuinely different credentials),True,False
F0168,issuer_family_mixed,,Firefighter II,Firefighter II,National Fire Protection Association (NFPA),level family 'Firefighter' spans issuers: California State Fire Training (SFT) | National Fire Protection Association (NFPA),verify: same program family should share one issuer (or these are genuinely different credentials),True,False
F0169,style_nits,,CAL-OSHA 30-Hour Construction Industry Training for Electrical & Electronics Technology,CAL-OSHA 30-Hour Construction Industry Training for Electrical & Electronics Technology,California Community Colleges,embedded course-code token OSHA 30,normalize per C5,False,True
F0170,style_nits,,Carpenters Training Committee for Northern California Apprenticeship — CARP 707,Carpenters Training Committee for Northern California Apprenticeship — CARP 707,Carpenters Training Committee for Northern California (CTCNC),embedded course-code token CARP 707,normalize per C5,False,False
F0171,style_nits,,Carpenters Training Committee for Northern California Apprenticeship — CARP 710,Carpenters Training Committee for Northern California Apprenticeship — CARP 710,Carpenters Training Committee for Northern California (CTCNC),embedded course-code token CARP 710,normalize per C5,False,False
F0172,style_nits,,Carpenters Training Committee for Northern California Apprenticeship — CARP 713,Carpenters Training Committee for Northern California Apprenticeship — CARP 713,Carpenters Training Committee for Northern California (CTCNC),embedded course-code token CARP 713,normalize per C5,False,False
F0173,style_nits,,Center for Financial Training (CFT) — Human Relations (CFTA-0009),Center for Financial Training (CFT) — Human Relations (CFTA-0009),Center for Financial Training (CFT),embedded course-code token CFTA-0009,normalize per C5,False,False
F0174,style_nits,,Center for Financial Training (CFT) — Human Resources Management (CFTA-0025),Center for Financial Training (CFT) — Human Resources Management (CFTA-0025),Center for Financial Training (CFT),embedded course-code token CFTA-0025,normalize per C5,False,False
F0175,style_nits,,Center for Financial Training (CFT) — Management (CFTA-0019),Center for Financial Training (CFT) — Management (CFTA-0019),Center for Financial Training (CFT),embedded course-code token CFTA-0019,normalize per C5,False,False
F0176,style_nits,,Center for Financial Training (CFT) — Marketing (CFTA-0012),Center for Financial Training (CFT) — Marketing (CFTA-0012),Center for Financial Training (CFT),embedded course-code token CFTA-0012,normalize per C5,False,False
F0177,style_nits,,Center for Financial Training (CFT) — Supervision (CFTA-0015),Center for Financial Training (CFT) — Supervision (CFTA-0015),Center for Financial Training (CFT),embedded course-code token CFTA-0015,normalize per C5,False,False
F0178,style_nits,,ESL 108C,ESL 108C,California Community Colleges,embedded course-code token ESL 108C,normalize per C5,False,True
F0179,style_nits,,FEMA IS-200 Basic Incident Command System (ICS),FEMA IS-200 Basic Incident Command System (ICS),Federal Emergency Management Agency (FEMA),embedded course-code token IS-200,normalize per C5,False,False
F0180,style_nits,,FEMA IS-200 — Incident Command System for Single Resources and Initial Action Incidents,FEMA IS-200 — Incident Command System for Single Resources and Initial Action Incidents,Federal Emergency Management Agency (FEMA),embedded course-code token IS-200,normalize per C5,False,False
F0181,style_nits,,IBEW/NECA Electrical Apprenticeship — ELECT 110,IBEW/NECA Electrical Apprenticeship — ELECT 110,International Brotherhood of Electrical Workers (IBEW),embedded course-code token ELECT 110,normalize per C5,False,False
F0182,style_nits,,IBEW/NECA Electrical Apprenticeship — ELECT 111,IBEW/NECA Electrical Apprenticeship — ELECT 111,International Brotherhood of Electrical Workers (IBEW),embedded course-code token ELECT 111,normalize per C5,False,False
F0183,style_nits,,IBEW/NECA Electrical Apprenticeship — ELECT 120,IBEW/NECA Electrical Apprenticeship — ELECT 120,International Brotherhood of Electrical Workers (IBEW),embedded course-code token ELECT 120,normalize per C5,False,False
F0184,style_nits,,IBEW/NECA Electrical Apprenticeship — ELECT 121,IBEW/NECA Electrical Apprenticeship — ELECT 121,International Brotherhood of Electrical Workers (IBEW),embedded course-code token ELECT 121,normalize per C5,False,False
F0185,style_nits,,IBEW/NECA Electrical Apprenticeship — ELECT 130,IBEW/NECA Electrical Apprenticeship — ELECT 130,International Brotherhood of Electrical Workers (IBEW),embedded course-code token ELECT 130,normalize per C5,False,False
F0186,style_nits,,IBEW/NECA Electrical Apprenticeship — ELECT 131,IBEW/NECA Electrical Apprenticeship — ELECT 131,International Brotherhood of Electrical Workers (IBEW),embedded course-code token ELECT 131,normalize per C5,False,False
F0187,style_nits,,IBEW/NECA Electrical Apprenticeship — ELECT 140,IBEW/NECA Electrical Apprenticeship — ELECT 140,International Brotherhood of Electrical Workers (IBEW),embedded course-code token ELECT 140,normalize per C5,False,False
F0188,style_nits,,IBEW/NECA Electrical Apprenticeship — ELECT 141,IBEW/NECA Electrical Apprenticeship — ELECT 141,International Brotherhood of Electrical Workers (IBEW),embedded course-code token ELECT 141,normalize per C5,False,False
F0189,style_nits,,IBEW/NECA Electrical Apprenticeship — ELECT 150,IBEW/NECA Electrical Apprenticeship — ELECT 150,International Brotherhood of Electrical Workers (IBEW),embedded course-code token ELECT 150,normalize per C5,False,False
F0190,style_nits,,IBEW/NECA Electrical Apprenticeship — ELECT 151,IBEW/NECA Electrical Apprenticeship — ELECT 151,International Brotherhood of Electrical Workers (IBEW),embedded course-code token ELECT 151,normalize per C5,False,False
F0191,style_nits,,ICS 300 — Intermediate Incident Command System,ICS 300 — Intermediate Incident Command System,Federal Emergency Management Agency (FEMA),embedded course-code token ICS 300,normalize per C5,False,False
F0192,style_nits,,ICS 400 — Advanced Incident Command System,ICS 400 — Advanced Incident Command System,Federal Emergency Management Agency (FEMA),embedded course-code token ICS 400,normalize per C5,False,False
F0193,style_nits,,ICS-200,ICS-200,Federal Emergency Management Agency (FEMA),embedded course-code token ICS-200,normalize per C5,False,False
F0194,style_nits,,ICS-400 Advanced ICS,ICS-400 Advanced ICS,Federal Emergency Management Agency (FEMA),embedded course-code token ICS-400,normalize per C5,False,False
F0195,style_nits,,McDonald's MCD-0051 Business Leadership Practices,McDonald's MCD-0051 Business Leadership Practices,McDonald's Corporation,embedded course-code token MCD-0051,normalize per C5,False,False
F0196,style_nits,,McDonald's MCD-0056 Business Management,McDonald's MCD-0056 Business Management,McDonald's Corporation,embedded course-code token MCD-0056,normalize per C5,False,False
F0197,style_nits,,McDonald's MCD-0057 Operations Supervisor MDP,McDonald's MCD-0057 Operations Supervisor MDP,McDonald's Corporation,embedded course-code token MCD-0057,normalize per C5,False,False
F0198,style_nits,,McDonald's MCD-0069 General Manager Business Leader Capstone,McDonald's MCD-0069 General Manager Business Leader Capstone,McDonald's Corporation,embedded course-code token MCD-0069,normalize per C5,False,False
F0199,style_nits,,McDonald's MCD-0072 Mid-Management Development Advanced Curriculum,McDonald's MCD-0072 Mid-Management Development Advanced Curriculum,McDonald's Corporation,embedded course-code token MCD-0072,normalize per C5,False,False
F0200,style_nits,,McDonald's MCD-0074 Mid-Management Foundations Curriculum,McDonald's MCD-0074 Mid-Management Foundations Curriculum,McDonald's Corporation,embedded course-code token MCD-0074,normalize per C5,False,False
F0201,style_nits,,Microsoft Certified: Azure Administrator Associate (AZ-104),Microsoft Certified: Azure Administrator Associate (AZ-104),Microsoft,embedded course-code token AZ-104,normalize per C5,False,False
F0202,style_nits,,Microsoft Certified: Azure AI Fundamentals (AI-900),Microsoft Certified: Azure AI Fundamentals (AI-900),Microsoft,embedded course-code token AI-900,normalize per C5,False,False
F0203,style_nits,,Microsoft Certified: Azure Fundamentals (AZ-900),Microsoft Certified: Azure Fundamentals (AZ-900),Microsoft,embedded course-code token AZ-900,normalize per C5,False,False
F0204,style_nits,,Microsoft Certified: Endpoint Administrator Associate (MD-102),Microsoft Certified: Endpoint Administrator Associate (MD-102),Microsoft,embedded course-code token MD-102,normalize per C5,False,False
F0205,style_nits,,NWCG Wildland Fire Certifications (S-110 / IS-700 / IS-800 / P-101 / FI-110 / ICS-300 bundle),NWCG Wildland Fire Certifications (S-110 / IS-700 / IS-800 / P-101 / FI-110 / ICS-300 bundle),National Wildfire Coordinating Group (NWCG),embedded course-code token IS-700,normalize per C5,False,False
F0206,style_nits,,NWCG Wildland Fire Certifications (S-190 / S-290 / ICS-100 / ICS-700 bundle),NWCG Wildland Fire Certifications (S-190 / S-290 / ICS-100 / ICS-700 bundle),National Wildfire Coordinating Group (NWCG),embedded course-code token ICS-100,normalize per C5,False,False
F0207,style_nits,,OSHA 030 — Construction Industry Outreach (30-hour),OSHA 030 — Construction Industry Outreach (30-hour),U.S. Occupational Safety and Health Administration (OSHA),embedded course-code token OSHA 030,normalize per C5,False,False
F0208,style_nits,,OSHA 035 — General Industry Outreach (30-hour),OSHA 035 — General Industry Outreach (30-hour),U.S. Occupational Safety and Health Administration (OSHA),embedded course-code token OSHA 035,normalize per C5,False,False
F0209,style_nits,,OSHA 10 Card,OSHA 10 Card,U.S. Department of Labor,embedded course-code token OSHA 10,normalize per C5,False,False
F0210,style_nits,,OSHA 10 — Outreach (10-hour),OSHA 10 — Outreach (10-hour),U.S. Occupational Safety and Health Administration (OSHA),embedded course-code token OSHA 10,normalize per C5,False,False
F0211,style_nits,,OSHA 10-hour Construction Training Course,OSHA 10-hour Construction Training Course,Carpenters Training Committee for Northern California (CTCNC),embedded course-code token OSHA 10,normalize per C5,False,False
F0212,style_nits,,OSHA 30 Card,OSHA 30 Card,U.S. Department of Labor,embedded course-code token OSHA 30,normalize per C5,False,False
F0213,style_nits,,OSHA 30 — General Industry,OSHA 30 — General Industry,U.S. Occupational Safety and Health Administration (OSHA),embedded course-code token OSHA 30,normalize per C5,False,False
F0214,style_nits,,OSHA 30 — Outreach (30-hour),OSHA 30 — Outreach (30-hour),U.S. Occupational Safety and Health Administration (OSHA),embedded course-code token OSHA 30,normalize per C5,False,False
F0215,style_nits,,PC 832 Arrest and Firearms Training,PC 832 Arrest and Firearms Training,California Commission on Peace Officer Standards and Training (POST),embedded course-code token PC 832,normalize per C5,False,False
F0216,style_nits,,Swiftwater & Flood Rescue Operations (NFPA 1670),Swiftwater & Flood Rescue Operations (NFPA 1670),National Fire Protection Association (NFPA),embedded course-code token NFPA 1670,normalize per C5,False,False
F0217,style_nits,,UA Local 342 Plumbers/Pipefitters Apprenticeship — SHME 100,UA Local 342 Plumbers/Pipefitters Apprenticeship — SHME 100,United Association (UA) Local 342,embedded course-code token SHME 100,normalize per C5,False,False
F0218,style_nits,,UA Local 342 Plumbers/Pipefitters Apprenticeship — SHME 101,UA Local 342 Plumbers/Pipefitters Apprenticeship — SHME 101,United Association (UA) Local 342,embedded course-code token SHME 101,normalize per C5,False,False
F0219,style_nits,,UA Local 342 Plumbers/Pipefitters Apprenticeship — SHME 110,UA Local 342 Plumbers/Pipefitters Apprenticeship — SHME 110,United Association (UA) Local 342,embedded course-code token SHME 110,normalize per C5,False,False
F0220,style_nits,,UA Local 342 Plumbers/Pipefitters Apprenticeship — SHME 111,UA Local 342 Plumbers/Pipefitters Apprenticeship — SHME 111,United Association (UA) Local 342,embedded course-code token SHME 111,normalize per C5,False,False
F0221,style_nits,,UA Local 342 Plumbers/Pipefitters Apprenticeship — SHME 120,UA Local 342 Plumbers/Pipefitters Apprenticeship — SHME 120,United Association (UA) Local 342,embedded course-code token SHME 120,normalize per C5,False,False
F0222,style_nits,,UA Local 342 Plumbers/Pipefitters Apprenticeship — SHME 121,UA Local 342 Plumbers/Pipefitters Apprenticeship — SHME 121,United Association (UA) Local 342,embedded course-code token SHME 121,normalize per C5,False,False
F0223,style_nits,,UA Local 342 Plumbers/Pipefitters Apprenticeship — SHME 130,UA Local 342 Plumbers/Pipefitters Apprenticeship — SHME 130,United Association (UA) Local 342,embedded course-code token SHME 130,normalize per C5,False,False
F0224,style_nits,,UA Local 342 Plumbers/Pipefitters Apprenticeship — SHME 131,UA Local 342 Plumbers/Pipefitters Apprenticeship — SHME 131,United Association (UA) Local 342,embedded course-code token SHME 131,normalize per C5,False,False
F0225,style_nits,,UA Local 342 Plumbers/Pipefitters Apprenticeship — SHME 140,UA Local 342 Plumbers/Pipefitters Apprenticeship — SHME 140,United Association (UA) Local 342,embedded course-code token SHME 140,normalize per C5,False,False
F0226,style_nits,,UA Local 342 Plumbers/Pipefitters Apprenticeship — SHME 141,UA Local 342 Plumbers/Pipefitters Apprenticeship — SHME 141,United Association (UA) Local 342,embedded course-code token SHME 141,normalize per C5,False,False
F0227,style_nits,,UA Local 342 Plumbers/Pipefitters Apprenticeship — SHME 150,UA Local 342 Plumbers/Pipefitters Apprenticeship — SHME 150,United Association (UA) Local 342,embedded course-code token SHME 150,normalize per C5,False,False
F0228,style_nits,,UA Local 342 Plumbers/Pipefitters Apprenticeship — SHME 151,UA Local 342 Plumbers/Pipefitters Apprenticeship — SHME 151,United Association (UA) Local 342,embedded course-code token SHME 151,normalize per C5,False,False
F0229,style_nits,,UA Local 342 Plumbers/Pipefitters Apprenticeship — SMTEC 100,UA Local 342 Plumbers/Pipefitters Apprenticeship — SMTEC 100,United Association (UA) Local 342,embedded course-code token SMTEC 100,normalize per C5,False,False
F0230,style_nits,,UA Local 342 Plumbers/Pipefitters Apprenticeship — SMTEC 101,UA Local 342 Plumbers/Pipefitters Apprenticeship — SMTEC 101,United Association (UA) Local 342,embedded course-code token SMTEC 101,normalize per C5,False,False
F0231,style_nits,,UA Local 342 Plumbers/Pipefitters Apprenticeship — SMTEC 110,UA Local 342 Plumbers/Pipefitters Apprenticeship — SMTEC 110,United Association (UA) Local 342,embedded course-code token SMTEC 110,normalize per C5,False,False
F0232,style_nits,,UA Local 342 Plumbers/Pipefitters Apprenticeship — SMTEC 111,UA Local 342 Plumbers/Pipefitters Apprenticeship — SMTEC 111,United Association (UA) Local 342,embedded course-code token SMTEC 111,normalize per C5,False,False
F0233,style_nits,,UA Local 342 Plumbers/Pipefitters Apprenticeship — SMTEC 120,UA Local 342 Plumbers/Pipefitters Apprenticeship — SMTEC 120,United Association (UA) Local 342,embedded course-code token SMTEC 120,normalize per C5,False,False
F0234,style_nits,,UA Local 342 Plumbers/Pipefitters Apprenticeship — SMTEC 121,UA Local 342 Plumbers/Pipefitters Apprenticeship — SMTEC 121,United Association (UA) Local 342,embedded course-code token SMTEC 121,normalize per C5,False,False
F0235,style_nits,,UA Local 342 Plumbers/Pipefitters Apprenticeship — SMTEC 130,UA Local 342 Plumbers/Pipefitters Apprenticeship — SMTEC 130,United Association (UA) Local 342,embedded course-code token SMTEC 130,normalize per C5,False,False
F0236,style_nits,,UA Local 342 Plumbers/Pipefitters Apprenticeship — SMTEC 131,UA Local 342 Plumbers/Pipefitters Apprenticeship — SMTEC 131,United Association (UA) Local 342,embedded course-code token SMTEC 131,normalize per C5,False,False
F0237,style_nits,,UA Local 342 Plumbers/Pipefitters Apprenticeship — SMTEC 140,UA Local 342 Plumbers/Pipefitters Apprenticeship — SMTEC 140,United Association (UA) Local 342,embedded course-code token SMTEC 140,normalize per C5,False,False
F0238,style_nits,,UA Local 342 Plumbers/Pipefitters Apprenticeship — SMTEC 141,UA Local 342 Plumbers/Pipefitters Apprenticeship — SMTEC 141,United Association (UA) Local 342,embedded course-code token SMTEC 141,normalize per C5,False,False
F0239,style_nits,,"Wildland Fire Certifications (C-190, C-290, ICS-100, ICS-700)","Wildland Fire Certifications (C-190, C-290, ICS-100, ICS-700)",California State Fire Training (SFT),embedded course-code token ICS-100,normalize per C5,False,False
