College,Subject,Number,Title,Units,CID,CCN,Description(220ch)
American River College,CARPT,101,Introduction to Apprenticeship II,1.5,,Not Applicable,"This course introduces the beginning carpenter apprentice to industry safety procedures for aerial lift use, Occupational Health and Safety Organization (OSHA) regulations, construction fall protection, and scaffold user"
American River College,CARPT,103,OSHA 10-hour Construction Training Course,0.5,,Not Applicable,"This course is designed with Occupational Safety and Health Administration (OSHA) recommendations for the 10-Hour Construction Training Program. It covers recognition, avoidance, abatement, and prevention of occupational"
American River College,CARPT,105,CPR for Carpenters Apprentices,0.5,,Not Applicable,"Adhering to American Red Cross guidelines, this course meets the training requirements of the Carpenter's Apprenticeship for adult Cardiopulmonary Resuscitation (CPR). It provides knowledge and skills for emergency life-"
American River College,CARPT,106,Introduction to Apprenticeship,1.5,,Not Applicable,"This course is an introduction to apprenticeship, tools, safety, and construction job sites in the commercial and industrial building sectors. This course is the equivalent of course number 001 for the Carpenter's Traini"
American River College,CARPT,107,Rigging,1.5,,Not Applicable,"This course familiarizes apprentices with the equipment and the procedures to safely rig and hoist various loads on the job-site. Topics include tying knots, splicing rope, calculating loads, hand signals for cranes, and"
American River College,CARPT,108,Modular System Installer Safety,1.5,,Not Applicable,"This course introduces the beginning carpenter apprentice to industry safety procedures for aerial lift use, Occupational Health and Safety Association (OSHA) regulations, construction fall protection, and scaffold user "
American River College,CARPT,109,Introduction to Office Modular Systems Installation,1.5,,Not Applicable,"This course introduces the installation of modular systems including major manufacturers of modular systems, applicable math, blueprints, specifications, and the creation of a realistic installation mockup. It also cover"
American River College,CARPT,110,Foundations and Floors,1.5,,Not Applicable,"This course covers layout, forming, framing, joist, sub-flooring, and foundation construction. This course is the equivalent of course number 004 for the Carpenter's Training Center of Northern California (CTCNC)."
American River College,CARPT,111,Tool and Equipment Applications,1.5,,Not Applicable,This course introduces the Modular Systems Installer Apprentice to proper tool and equipment applications required while assembling and disassembling modular office furniture systems. It also covers personal financial li
American River College,CARPT,112,Structural Framing,1.5,,Not Applicable,"This course covers basic framing systems and layout of walls, ceilings, and stairwells with wood as well as metal and alternative ""green"" materials such as manufactured panels. This course is the equivalent of course num"
American River College,CARPT,114,"Form Detailing, Construction & Erection",1.5,,Not Applicable,"This course covers planning and building of form work, construction and erection of various concrete forms, and construction materials and methods. It also explores new types of building materials such as recycled and al"
American River College,CARPT,115,Floor to Ceiling Wall System Construction,1.5,,Not Applicable,This course introduces the Modular Systems Installer Apprentice to floor to ceiling modular wall construction. It also covers blueprint reading and understanding manufacturers' system components and parts. This course is
American River College,CARPT,120,Exterior Finish,1.5,,Not Applicable,"This course covers exterior design, materials, finishes, and methods of application in exterior building construction. Topics include an overview of the hazards of Volatile Organic Compounds (VOCs) and pathogens. This co"
American River College,CARPT,122,Interior Finish,1.5,,Not Applicable,"This course covers interior designs, materials, and methods of application in building construction. Topics include techniques of indoor air quality practices in order to reduce Volatile Organic Compounds (VOCs) and path"
American River College,CARPT,124,Commercial Door Hardware,1.5,,Not Applicable,"This course covers the basic skills necessary to successfully install commercial door hardware. Topics include selecting hardware, hanging and adjusting a door, and installing locks, closers, rim devices, door holders, a"
American River College,CARPT,125,"Drapery, Window Coverings, and Fine Furnishings",1.5,,Not Applicable,"This course introduces the Modular Systems Installer Apprentice to high-end and custom furniture, wall installations, draperies, and window coverings. It also covers tool selection, skills for proper installation, and ma"
American River College,CARPT,130,Layout/Leveling Construction Site Practice,1.5,,Not Applicable,"This course covers the use of leveling devices. It includes reading and interpreting an engineer's rod, horizontal and vertical setting circles, and vernier scaling. Additional topics include construction layout of horiz"
American River College,CARPT,131,"Introduction to Working Drawings, Construction Math and Fire Stop Installation",1.5,,Not Applicable,"This course introduces Insulator Apprentices to construction math, basic blueprint reading, and fire stop installation. It also covers safe use and maintenance of hand tools."
American River College,CARPT,132,Residential Blueprint Reading and Forklift Safety,1.5,,Not Applicable,This course introduces Insulator Apprentices to residential blueprint terminology and interpretation. Forklift safety is also included.
American River College,CARPT,133,Residential Insulation and Weatherization,1.5,,Not Applicable,This course introduces the Insulator Apprentice to insulation and weatherization installation. Topics include environmental impact on traditional construction and organizations that provide guidelines and certification f
American River College,CARPT,134,Commercial Blueprint Reading and Mobile Tower Scaffolds,1.5,,Not Applicable,This course introduces Insulator Apprentices to commercial blueprint terminology and interpretation. It also covers the erection of and safe practices for welded frame mobile and rolling tower scaffolds.
American River College,CARPT,135,Commercial and Industrial Insulation and Aerial Lift,1.5,,Not Applicable,This course introduces the Insulator Apprentice to commercial and industrial insulation installation. It also covers the rules and regulations governing the safe use of aerial lifts.
American River College,CARPT,136,Energy Conservation Codes and Standards,1.5,,Not Applicable,This course introduces the Insulator Apprentice to energy conservation codes and standards. It also covers Green Advantage certification and CalGreen building code requirements.
American River College,CARPT,137,Modular Systems Construction and Quality Control I,1.5,,Not Applicable,This course introduces the Modular Systems Installer Apprentices to safe and productive ways to handle modular components on a job site using the proper equipment. It also covers the proper way to lift and move modular c
American River College,CARPT,138,Modular System Construction and Quality Control II,1.5,,Not Applicable,This course introduces the Modular Systems Installer Apprentices to advanced modular system construction with a focus on panelized furniture and cubicle partitions including electrical diagrams. It also covers forklift o
American River College,CARPT,140,Interior Systems,1.5,,Not Applicable,"This course is a comprehensive study of materials, work processes, and the proper use of tools necessary to install gypsum wallboard and interior metal studs. Topics include green practices used in construction. This cou"
American River College,CARPT,141,Suspended Framing Ceiling Systems,1.5,,Not Applicable,This course introduces the Acoustical Apprentice to the installation of suspended framing ceiling systems and situations which require special installation techniques. It also covers industry standards and manufacturers'
American River College,CARPT,142,Engineered Structural Systems,1.5,,Not Applicable,"This course covers heavy timber construction in dams, bridges, and trusses. Topics include lamination and the proper disposal and recycling of materials. This course is the equivalent of course number 013 for the Carpent"
American River College,CARPT,143,Commercial Steel Framing,1.5,,Not Applicable,"This course is an introduction to basic gypsum wallcovering and ceiling applications. It also includes soffit installation, headers, sills, and rough openings. This course is the equivalent of course number 704 for the C"
American River College,CARPT,144,Introduction to Grid Ceiling Installation,1.5,,Not Applicable,This course introduces the Acoustical Apprentice to the installation of grid ceilings. This course is the equivalent of course number 703 for the Carpenter's Training Center of Northern California (CTCNC).
American River College,CARPT,145,Specialty Ceiling Systems,1.5,,Not Applicable,"This course introduces the Acoustical Apprentice to the installation of exposed grid, 9/16 inch bolt slot exposed grid, and shadow mold. This course is the equivalent of course number 705 for the Carpenter's Training Cen"
American River College,CARPT,146,Integrated Ceilings and Special Techniques,1.5,,Not Applicable,This course introduces the Acoustical Apprentice to the installation of integrated ceiling systems and situations which require special installation techniques. It also covers United Brotherhood of Carpenters (UBC) clean
American River College,CARPT,147,Advanced Grid Ceilings,1.5,,Not Applicable,"This course introduces the Acoustical Apprentice to advanced techniques of grid ceiling systems. It also covers industry standards, manufacturers' recommendations for proper installation of clouds, canopies, and blades w"
American River College,CARPT,148,Access Floor Systems,1.5,,Not Applicable,"This course is an introduction to the installation of Access Floor Systems. It also covers hand tool ergonomics, safety, and maintenance. This course is the equivalent of course number 706 for the Carpenter's Training Ce"
American River College,CARPT,150,Concrete - Precast and Prestressed,1.5,,Not Applicable,"This course covers the use and placement of concrete in box girder bridge construction. Topics include different types of concrete bridges, the use of precast and prestressed components, various formwork designs, formwor"
American River College,CARPT,155,Commercial Concrete,1.5,,Not Applicable,"This course covers concepts and practices of commercial concrete construction. Topics include layout and construction of bolt patterns, concrete columns, and gang forms, as well as the types and methods used to safely bu"
American River College,CARPT,160,Blueprint Reading-Residential,1.5,,Not Applicable,"This course covers residential blueprints. Topics include ""green"" practices, conventions, lines, symbols, measurements, and specifications used for residential construction. This course is the equivalent of course number"
American River College,CARPT,161,Acoustical Blueprint Reading Basic,1.5,,Not Applicable,"This course covers acoustical blueprints, conventions, lines, symbols, measurements, and specifications used for acoustical construction. It also covers the layout of acoustical ceilings. This course is the equivalent of"
American River College,CARPT,162,Blueprint Reading-Commercial,1.5,,Not Applicable,"This course covers commercial and industrial blueprints. Topics include conventions, lines, symbols, measurements, and specifications used for commercial and industrial construction. It also covers CalGreen codes. This c"
American River College,CARPT,163,Print Reading Measurement and Layout,1.5,,Not Applicable,"This course is an introduction to blueprint reading, project specifications, and layout for modular systems. It also covers union trust fund benefits. This course is the equivalent of course number 1204 for the Carpenter"
American River College,CARPT,164,Acoustical Blueprint Reading,1.5,,Not Applicable,"This course introduces the Acoustical Apprentice to advanced specialized blueprint reading. It also covers basic construction documents, project scheduling, and labor cost estimation. This course is the equivalent of cou"
American River College,CARPT,166,Acoustical Blueprint Reading Advanced,1.5,,Not Applicable,"This course covers commercial and industrial blueprints. Topics include conventions, lines, symbols, measurements, and specifications used for commercial and industrial construction. This course is the equivalent of cour"
American River College,CARPT,170,Roof Framing,1.5,,Not Applicable,"This course covers roof framing, layout, and construction. Topics include industry terminology, technical information, and construction materials and methods, all which are used in planning and building several types of "
American River College,CARPT,180,Stair Building,1.5,,Not Applicable,"This course covers types, designs, nomenclature, and Uniform Building Code (UBC) requirements for building stairs. Topics include mathematical calculations and layout procedures for constructing stairs, landings, newels,"
American River College,CARPT,181,Tools of the Trade and Installation of Hardwood Floors,1.5,,Not Applicable,"This course introduces Hardwood Floor Layer Apprentices to the installation of hardwood floors per industry standards. It covers tool and equipment identification, safety, and proper maintenance procedures."
American River College,CARPT,182,Finishing and Repairing Floors,1.5,,Not Applicable,This course introduces Hardwood Floor Layer Apprentices to the process of finishing and repairing hardwood floors per industry standards. It also covers installation of athletic and parquet flooring.
American River College,CARPT,190,Introduction to Welding and Cutting,1.5,,Not Applicable,"This course covers flux-cored arc welding (FCAW) and shielded metal arc welding (SMAW), light gauge welding, and light gauge welding to structural steel. This course is the equivalent of course number 710 for the Carpent"
American River College,CARPT,210,"The Acoustical Apprentice, Safety, and the Trade",1.5,,Not Applicable,"This course introduces the acoustical apprentice to fall protection, tool safety and maintenance, and scaffold safety and maintenance. It also covers Occupational Safety and Health Administration (OSHA) 10, First Aid and"
American River College,CARPT,211,Introduction to Acoustical Apprenticeship II,1.5,,Not Applicable,"This course introduces the beginning acoustical apprentice to industry safety procedures for aerial lift use, Occupational Health and Safety Administration (OSHA) regulations, construction fall protection, and scaffold u"
American River College,CARPT,212,Infection Control Risk Assessment and Hospital Code for Acoustical Installers,1.5,,Not Applicable,This course introduces the acoustical installer apprentice to the safety procedures for hospital work Infection Control Risk Assessment (ICRA). It also covers applicable building codes of acoustical ceiling systems used 
American River College,CARPT,213,Acoustical Exterior Systems,1.5,,Not Applicable,This course introduces the Acoustical Apprentice to the installation of acoustical exterior systems. It also covers industry standards and manufacturers' recommendations for proper installation and safety for exterior sy
American River College,CARPT,214,Wall and Ceiling Fabric Installation,1.5,,Not Applicable,This course introduces the acoustical installer apprentice to the safety and installation procedures for different types of wall and ceiling fabrics. This course is the equivalent of course number 709 for the Carpenter's
American River College,CARPT,215,Specialty Systems,1,,Not Applicable,This course introduces the Acoustical Apprentice to the installation of advanced and specialty ceiling systems. It also covers hand and power tool safety and aerial lift safety. This course is the equivalent of course nu
American River College,CARPT,220,Millwright Safety and Tool Skills,1.5,,Not Applicable,"This course covers safe and proper use of hand and power tools, layout and applications for taps and dies, and basic metal fabrication. This course is the equivalent of course number 856 for the Carpenter's Training Cent"
American River College,CARPT,221,"The Millwright Apprentice, the Trade, and 16 Hour Safety",1.5,,Not Applicable,"This course will cover Occupational Health and Safety Administration (OSHA) 10, Millwright 16, and Occupational Safety Councils of America (OSCA) 20 hour requirements. Hazard communication identification will also be cov"
American River College,CARPT,222,Millwright Math Applications,1.5,,Not Applicable,"This course will cover math applications with decimals, fractions, and conversion methods. First aid, fall protection, and scaffold use are also covered. This course is the equivalent of course number 858 for the Carpent"
American River College,CARPT,223,Cutting and Welding I,1.5,,Not Applicable,"This course covers welding and welding concerns for construction job sites. Topics include welding safety, basic welding terms, definitions, positions, and cutting operations. This course is the equivalent of course numb"
American River College,CARPT,224,Materials of Construction,1.5,,Not Applicable,"This course covers safe and proper installation of grout, concrete, and epoxy forms. Students will also receive confined space training. This course is the equivalent of course number 860 for the Carpenter's Training Cen"
American River College,CARPT,225,Layout Procedures for Millwrights,1.5,,Not Applicable,This course provides millwright apprentices the proper method of driving an industrial and rough terrain fork lift. It will also cover proper layout for angular and off camber measurements. This course is the equivalent 
American River College,CARPT,226,Precision Optical Instruments,1.5,,Not Applicable,"This course covers General Electric (GE) gas turbine familiarization with an emphasis on green building, Hytorc bolting, and human performance. This course is the equivalent of course number 862 for the Carpenter's Train"
American River College,CARPT,227,Blueprint Reading and Aerial Lift,1.5,,Not Applicable,"This course covers millwright blueprints, welding details, and terms and line types. Mobile elevated work platform training will also be covered. This course is the equivalent of course number 863 for the Carpenter's Tra"
American River College,CARPT,228,Millwright Rigging,1.5,,Not Applicable,"This course covers the equipment and procedures for an apprentice to safely rig and hoist various loads on the job site. Topics include knot tying, splicing rope, calculating loads, hand signals for cranes, and inspectio"
American River College,CARPT,229,Welding II SMAW,1.5,,Not Applicable,This course expands on CARPT 223 and furthers the Millwright Apprentice's knowledge of shielded metal arc welding (SMAW) procedures and welding equipment. It also covers the American Welding Society (AWS) requirements fo
American River College,CARPT,230,Monorails,1.5,,Not Applicable,This course provides the Millwright Apprentice the proper methods of safely erecting monorails. This course is the equivalent of course number 866 for the Carpenter's Training Center of Northern California (CTCNC).
American River College,CARPT,231,Conveyors for Millwrights,1.5,,Not Applicable,This course introduces the Millwright Apprentice to the safe and effective methods for installing and maintaining conveyor systems. This course is the equivalent of course number 867 for the Carpenter's Training Center o
American River College,CARPT,232,Machinery Installation,1.5,,Not Applicable,"This course introduces the Millwright Apprentice to the proper maintenance of pumps and pump equipment, including alignment, bearings, and gearboxes. This course is the equivalent of course number 868 for the Carpenter's"
American River College,CARPT,233,Machinery Maintenance for Millwrights,1.5,,Not Applicable,"This course covers the basics of millwright machinery maintenance, troubleshooting, and repair."
American River College,CARPT,234,Precision Tools for Millwrights,1.5,,Not Applicable,This course introduces Millwright Apprentices to precision measuring tools. It also covers the proper method for using a Rotalign shaft alignment tool. This course is the equivalent of course number 870 for the Carpenter
American River College,CARPT,235,Turbines,1.5,,Not Applicable,"This course introduces Millwright Apprentices to hydro, gas, and steam turbines. It covers proper assembly, installation, and maintenance per manufacturer and industry standards."
American River College,CARPT,236,Cutting and Welding III,1.5,,Not Applicable,"This course expands on CARPT 229 and furthers the Millwright Apprentice's knowledge of shielded Flux Core Arc Welding (FCAW) procedures and welding equipment. It also covers safety and certification for 3G, 4G, 3F, and 4"
American River College,CARPT,237,Compressors,1.5,,Not Applicable,"This course introduces Millwright Apprentices to the different types of compressors found on a construction job site and the uses of each type, including assembly and disassembly techniques."
American River College,CARPT,240,Worker Safety and Tool Skills for Pile Drivers,1.5,,Not Applicable,"This course introduces Pile Driver Apprentices to the ergonomics, safety, and maintenance of hand and power tools. It also covers hazard recognition in fall protection. This course is the equivalent of course number 278 "
American River College,CARPT,241,Pile Driver Math Applications,2,,Not Applicable,This course covers mathematical processes in the construction trade with specific focus on the pile driving industry. It also covers personal financial responsibilities. This course is the equivalent of course number 279
American River College,CARPT,242,Pile Driver Rigging,1.5,,Not Applicable,"This course addresses the safety regulations and practices related to rigging and rigging hardware. It exceeds the requirements of Occupational Safety and Health Administration (OSHA) Subpart CC, American National Standa"
American River College,CARPT,243,"Form Detailing, Construction, and Erection for Pile Drivers",1.5,,Not Applicable,"This course introduces the Pile Driver Apprentice to planning and building of form work, construction and erection of various concrete forms, and the materials and methods used. It also covers new building materials such"
American River College,CARPT,244,Welding I: Introduction to SMAW,1.5,,Not Applicable,This course introduces the Pile Driver Apprentice to the safety procedures while performing Shielded Metal Arc Welding (SMAW). It also covers equipment identification and welding consumables. This course is the equivalen
American River College,CARPT,245,Introduction to Land and Water Pile Driving,1.5,,Not Applicable,"This course introduces the Pile Driver Apprentice to pile driving practices on land and in water. Topics covered include safety, pile driving equipment, aerial lifts, cranes, and booms. This course is the equivalent of c"
American River College,CARPT,246,Welding II SMAW,1.5,,Not Applicable,This course expands on CARPT 244 and the Piledriver Apprentice's knowledge of the appropriate safety procedures when using shielded metal arc welding (SMAW) and oxy-fuel cutting and the associated components. This course
American River College,CARPT,247,Advanced Pile Driving Land and Water,1.5,,Not Applicable,"This course introduces the Pile Driver Apprentice to advanced pile driving practices on land and in water. Topics covered include understanding pile driving equipment, cranes and booms, rigs, accessories, and pile drivin"
American River College,CARPT,248,Wharfage and Marine Structures,1.5,,Not Applicable,"This course introduces the Pile Driver Apprentice to pile driving practices used in bridge erection, and the construction of wharf and marine structures. Topics include various types of lumber and heavy timber, their sel"
American River College,CARPT,249,Welding III: Advanced SMAW,1.5,,Not Applicable,This course expands on CARPT 246 and the Pile Driver Apprentice's knowledge of the appropriate safety procedures when using Shielded Metal Arc Welding (SMAW) and oxy-fuel cutting and the associated components. This cours
American River College,CARPT,250,Introduction to Structural Blueprints and Layout Instruments,1.5,,Not Applicable,This course introduces Pile Driver Apprentices to structural blueprint reading and layout. This course is the equivalent of course number 288 for the Carpenter's Training Center of Northern California (CTCNC).
American River College,CARPT,251,Advanced Structural Blueprints and Bridge Building,1.5,,Not Applicable,"This course introduces Pile Driver Apprentices to advanced structural blueprint reading and bridge building. Topics include bridge building practices, safety, pre-stressing, post-tensioning, and steel reinforcement of co"
American River College,CARPT,252,"Falsework, Shoring, and Heavy Timber Framing",1.5,,Not Applicable,"This course introduces Pile Driver Apprentices to the construction of advanced concrete forms for bridges and shoring with the use of heavy timbers for support, known as falsework. It also covers the various building mat"
American River College,CARPT,253,Advanced Formwork,1.5,,Not Applicable,This course introduces Pile Driver Apprentices to the construction of advanced concrete forms used in all types of installations. This course is the equivalent of course number 291 for the Carpenter's Training Center of 
American River College,CARPT,254,Welding III FCAW,1.5,,Not Applicable,"This course expands the Pile Driver Apprentice's knowledge of the appropriate safety procedures when using Flux Core Arc Welding (FCAW). It covers the American Welding Society (AWS) requirements for 1G, 2G, 3G, and 4G ce"
American River College,CARPT,255,Welding IV FCAW Pipe,1.5,,Not Applicable,This course expands on CARPT 254 and furthers the Pile Driver Apprentice's knowledge of appropriate safety procedures when using flux core arc welding (FCAW). It covers the American Welding Society (AWS) requirements for
American River College,CARPT,256,Welding VI: FCAW 4G Certification,1.5,,Not Applicable,This course expands on CARPT 255 and the Pile Driver Apprentice's knowledge of the appropriate safety procedures when using Flux Core Arc Welding (FCAW) and oxy-fuel cutting and the associated components. This course foc
American River College,CARPT,257,Pile Driving II,1.5,,Not Applicable,"This course explains and demonstrates pile driving equipment when using fixed and swinging leads, and vibratory hammers. This course is the equivalent of course number 287 for the Carpenter's Training Center of Northern "
American River College,CARPT,260,Introduction to Scaffolds and Confined Space,1.5,,Not Applicable,This course introduces Scaffold Erector Apprentices to the appropriate safety procedures when using scaffolds and working in a confined space. It also covers the proper use and maintenance of hand tools.
American River College,CARPT,261,Welded Frame and Mobile Tower Scaffold,1.5,,Not Applicable,This course introduces the Scaffold Erector Apprentice to the industry safety procedures when assembling welded frame and rolling scaffolds.
American River College,CARPT,262,System Scaffold,1.5,,Not Applicable,"This course introduces the Scaffold Erector Apprentice to industry safety procedures when erecting system scaffold, rolling scaffold, and supported scaffold."
American River College,CARPT,263,Hazard Awareness for Scaffold Erectors,1.5,,Not Applicable,This course introduces the Scaffold Erector Apprentice to hazards of erecting and dismantling scaffolds. It also covers aerial lift rules and regulations per industry standards.
American River College,CARPT,264,Suspended Scaffolds and Shoring Systems,1,,Not Applicable,This course introduces the Scaffold Erector Apprentice to the safety procedures and industry rules and regulations for suspended scaffolds.
American River College,CARPT,265,Tube and Clamp Scaffold,1,,Not Applicable,This course introduces the Scaffold Erector Apprentice to the safety procedures and industry rules and regulations for erecting tube and clamp scaffold systems.
American River College,CARPT,266,Blueprint Reading for Scaffold Erectors,1.5,,Not Applicable,This course introduces the Scaffold Erector Apprentice to scaffold blueprint reading.
American River College,CARPT,268,Welding II,1.5,,Not Applicable,"This course introduces the Scaffold Erector Apprentice to light gauge welding using shielded metal arc welding (SMAW) and flux core arc welding (FCAW). It also covers safety, ergonomics, the safe use of hand and power to"
American River College,CARPT,270,Mill Cabinet Safety and Tool Skills,1.5,,Not Applicable,"This course introduces the Mill Cabinet Apprentice to apprenticeship, tools, safety, and construction job sites in the commercial and building sectors. This course is the equivalent of course number 901 for the Carpenter"
American River College,CARPT,271,The Mill Cabinet Apprentice and the Trade,1.5,,Not Applicable,"This course introduces the beginning carpenter apprentice to industry safety procedures for aerial lift use, Occupational Safety and Health Administration (OSHA) regulations, construction fall protection, and scaffold us"
American River College,CARPT,272,Math for the Mill Cabinet Trade,1.5,,Not Applicable,This course covers mathematics applications in the mill cabinet trade with specific focus on mathematical processes related to the production requirements of the industry. This course is the equivalent of course number 9
American River College,CARPT,273,Basic Cabinet Making,1.5,,Not Applicable,This course introduces Mill Cabinet Apprentices to basic cabinetry building procedures per industry standards. This course is the equivalent of course number 904 for the Carpenter's Training Center of Northern California
American River College,CARPT,274,Basic Blueprint Reading Mill Cabinet,1.5,,Not Applicable,This course introduces Mill Cabinet Apprentices to blueprint terminology and interpretation. First aid and CPR are also covered. This course is the equivalent of course number 905 for the Carpenter's Training Center of N
American River College,CARPT,275,Machinery Maintenance for Mill Cabinet,1.5,,Not Applicable,"This course covers the basics of mill cabinet machinery maintenance, troubleshooting, and repair. This course is the equivalent of course number 906 for the Carpenter's Training Center of Northern California (CTCNC)."
American River College,CARPT,276,Cabinet Hardware Installation,1.5,,Not Applicable,This course introduces new Mill Cabinet Apprentices to basic cabinetry hardware installation procedures. This course is the equivalent of course number 907 for the Carpenter's Training Center of Northern California (CTCN
American River College,CARPT,277,"Sanding, Stains, and Finish Preparation",1.5,,Not Applicable,This course introduces the Mill Cabinet Apprentice to the processes of surface preparation for the staining and finishing of solid wood and veneered cabinetry. This course is the equivalent of course number 908 for the C
American River College,CARPT,278,Advanced Machinery Operation,1.5,,Not Applicable,This course introduces new Mill Cabinet Apprentices to advanced machinery operation procedures. This course is the equivalent of course number 909 for the Carpenter's Training Center of Northern California (CTCNC).
American River College,CARPT,279,Advanced Blueprint Reading for Mill Cabinet,1.5,,Not Applicable,This course introduces Mill Cabinet Apprentices to advanced blueprint terminology and interpretation. This course is the equivalent of course number 910 for the Carpenter's Training Center of Northern California (CTCNC).
American River College,CARPT,280,Advanced Cabinet Making,1.5,,Not Applicable,This course introduces Mill Cabinet Apprentices to advanced cabinetry building procedures. This course is the equivalent of course number 911 for the Carpenter's Training Center of Northern California (CTCNC).
American River College,CARPT,281,"Veneers, Laminate, and Finishing",1.5,,Not Applicable,"This course introduces the Mill Cabinet Apprentice to the processes of surface preparation for the finishing of laminate, and veneered cabinetry. This course is the equivalent of course number 912 for the Carpenter's Tra"
American River College,CARPT,282,CAD Basics for Mill Cabinetry,1.5,,Not Applicable,"This course introduces the Mill Cabinet Apprentice to computer-aided design and drafting using AutoCAD, Cabinet Vision, and AlphaCAM software systems. This course is the equivalent of course number 913 for the Carpenter'"
American River College,CARPT,283,Introduction to CNC,1.5,,Not Applicable,"This course introduces the Mill Cabinet Apprentice to the operation processes, maintenance, and tooling of Computer Numeric Controlled (CNC) machines. This course is the equivalent of course number 914 for the Carpenter'"
American River College,CARPT,284,"Solid Surface Material, Fabrication, and Installation",1.5,,Not Applicable,"This course introduces the Mill Cabinet Apprentice to constructing countertops and backsplashes, and finishing products according to industry standards. This course is the equivalent of course number 915 for the Carpente"
American River College,CARPT,285,Advanced Project for Mill Cabinet,1.5,,Not Applicable,This course introduces the Mill Cabinet Apprentice to advanced cabinetry building procedures per industry standards. This course is the equivalent of course number 916 for the Carpenter's Training Center of Northern Cali
American River College,CARPT,298,Work Experience in Carpenters Apprenticeship,0.5,,Not Applicable,This course provides students the opportunity to work in the carpenters apprenticeship program for the purpose of developing specific skills to meet the goals and objectives of the carpenters Joint Apprenticeship and Tra
American River College,CARPT,299,Experimental Offering in Carpenters Apprenticeship,0.5,,Not Applicable,Experimental Offering in Carpenters Apprenticeship
American River College,CARPT,498,Work Experience in Carpenters Apprenticeship,0.5,,Not Applicable,This course provides students the opportunity to work in the carpenters apprenticeship program for the purpose of developing specific skills to meet the goals and objectives of the carpenters Joint Apprenticeship and Tra
Laney College,CARP,200,Special Projects Laboratory,1,,Not Applicable,Open laboratory: Upgrading of specific carpentry skills and selected carpentry projects.
Laney College,CARP,206,High Performance Building,3.5,,Not Applicable,"Introduction to home performance, building design and building science: Hands on applications of new materials in the construction industry; integrating advanced framing, energy efficiency and air sealing techniques to t"
Laney College,CARP,207,Math for Construction Trades,3,,Not Applicable,"Mathematics with specific application to construction trades: Whole numbers, fractions, decimals, percents and percentages, measurements, areas and volumes, powers and roots, combined applications to construction problem"
Laney College,CARP,208,Residential Building Codes for Carpenters,3,,Not Applicable,"Building codes applicable for residential carpenters: Origin, rational, legal basis, and application. Not open for students who successfully completed CONMT 210."
Laney College,CARP,210,Foundation and Forms Construction,3.5,,Not Applicable,Application of various foundation types: Layout and construction of concrete forms for foundation pour.
Laney College,CARP,211,Beginning Carpentry,3.5,,Not Applicable,"Beginning carpentry: Basic skills with hand and power tools, mathematical problem solving and interpretation of working drawings."
Laney College,CARP,221,Finish Carpentry,3.5,,Not Applicable,"Installation and fabrication of interior and exterior finishes: Principles of finishing materials for interiors including finishing floors, walls and ceilings; developing working drawings."
Laney College,CARP,223,OSHA 30-Hour Construction Safety Training,2,,Not Applicable,CAL-OSHA 30-hour training: Industry Standards for regulations covered by the Occupational Safety and Health Administration (OSHA) Standards for the Construction Industry 29 CFR 1926.
Laney College,CARP,224A,Digital Fabrication I,2,,Not Applicable,"Introduction to digital design and fabrication: Use of CAD to operate 3-D printers, laser cutters, and CNC machines in the design and fabrication; applications of this technology include rapid prototyping, industrial des"
Laney College,CARP,224B,Digital Fabrication II,2,,Not Applicable,Continuation of CARP 224A: Intermediate level digital design and fabrication with emphasis on CAD to utilize tools for 3-D printing and CNC machines.
Laney College,CARP,229,Rough Framing,3.5,,Not Applicable,Various types of framing for floors and walls: Backing used in houses; selected heavy construction.
Laney College,CARP,230,Stair Building and Framing,3,,Not Applicable,"Principles of stair building and framing: Types, terminology, calculations, railings, codes, layout, and rough framing."
Laney College,CARP,231,Roof Framing,3,,Not Applicable,"Basic layout and calculations for roof framing: Framing-square tables and applications; materials take-off, cutting, and assembly of various roofing styles."
Laney College,CARP,232,Residential Plumbing for Carpenters,1.5,,Not Applicable,Basic plumbing skills needed by carpenters in construction of new or remodeled homes: Manipulative skills with hand and power tools.
Laney College,CARP,233,Residential Electrical For Carpenters,1.5,,Not Applicable,"Basic electrical installation and specifications for wiring a new or remodeled residential home: Practical hands-on experience, overview of electrical theory and codes."
Laney College,CARP,240A,Kitchens: Design/Build,2,,Not Applicable,Principles of preparatory demolition for rehabilitation in the remodeling and reconstruction of existing structures: Preplanning; interpretation of specifics; identification of structural damage; project scheduling.
Laney College,CARP,240B,Bathrooms: Design/Build,2,,Not Applicable,Continuation of CARP 240A: Continuation of cognitive and manipulative skills development.
Laney College,CARP,251A,Introduction to the Skilled Trades I,3,,Not Applicable,"Introduction to the skilled trades as it relates to residential construction and related industry: Basic instruction in the use of hand and power tools, blueprint reading, awareness of equitable considerations in the fie"
Laney College,CARP,251B,Introduction to the Skilled Trades II,3,,Not Applicable,"Continuation of CARP 251A: Technical skills development, measuring, and shop carpentry."
Laney College,CARP,255,iDesign--Survey Course for the Skilled Trades,0.5,,Not Applicable,"Introduction to the skilled trades Carpentry: Topics include safety, career opportunities, and hands on experience. Part of a four part series trades survey class including Welding 255, Machine Technology 255, Wood Techn"
Laney College,CARP,466G,Work Experience in Carpentry,2,,Not Applicable,"Supervised employment providing opportunities in carpentry or a related field: Develop desirable work habits, become a productive, responsible individual, and extend education experience with on the job training. A maxim"
Rio Hondo College,CARP,020H,Welding,1,,Not Applicable,This course is designed to meet the needs of Indentured Apprentices with the State of California who are interested in the carpentry industry. Modules cover the following topics: history of the carpentry profession along
Rio Hondo College,CARP,020I,Advanced Welding,1,,Not Applicable,This course is designed to meet the needs of Indentured Apprentices with the State of California who are interested in the carpentry industry. Modules cover the following topics: history of the carpentry profession along
Rio Hondo College,CARP,040A,Orientation,2,,Not Applicable,"This course is designed to meet the needs of indentured apprentices with the State of California who are interested in the carpentry industry. The course covers fundamental trade skills, employee/employer roles and respo"
Rio Hondo College,CARP,040B,Safety & Health,2,,Not Applicable,This course is designed to meet the needs of indentured apprentices with the State of California who are interested in the carpentry industry. The course covers the safe and appropriate use of hazardous communication sys
Rio Hondo College,CARP,040C,Print Reading,2,,Not Applicable,This course is designed to meet the needs of indentured apprentices with the State of California who are interested in the carpentry industry. The course covers the basic skills needed for reading and interpreting constr
Rio Hondo College,CARP,040D,Transit Level and Laser,2,,Not Applicable,"This course is designed to meet the needs of indentured apprentices with the State of California who are interested in the carpentry industry. The course covers the terminology, optical principles and operating procedure"
Rio Hondo College,CARP,040E,Foundation and Flatwork,1.5,,Not Applicable,This course is designed to meet the needs of indentured apprentices with the State of California who are interested in the carpentry industry. The course covers required and supplemental instruction for the design and fu
Rio Hondo College,CARP,040F,Wall Forming,1.5,,Not Applicable,This course is designed to meet the needs of indentured apprentices with the State of California who are interested in the carpentry industry. The course covers skills and procedures required to form reinforced concrete 
Rio Hondo College,CARP,040G,Stairs and Ramp Forming,1.5,,Not Applicable,"This course is designed to meet the needs of indentured apprentices with the State of California who are interested in the carpentry industry. The course covers methods, procedures, and practices used to form stair and r"
Rio Hondo College,CARP,040H,Commercial Floor Framing,1.5,,Not Applicable,This course is designed to meet the needs of indentured apprentices with the State of California who are interested in the carpentry industry. The course covers procedures for floor joist construction and the various ins
Rio Hondo College,CARP,040I,Basic Roof Framing,1.5,,Not Applicable,"This course is designed to meet the needs of indentured apprentices with the State of California who are interested in the carpentry industry. The course is an introduction to basic gable roof framing, including terminol"
Rio Hondo College,CARP,040J,Advanced Print Reading,2,,Not Applicable,This course is designed to meet the needs of indentured apprentices with the State of California who are interested in the carpentry industry. The course covers required and supplemental instruction in advanced print rea
Rio Hondo College,CARP,040K,Rigging,2,,Not Applicable,This course is designed to meet the needs of indentured apprentices with the State of California who are interested in the carpentry industry. The course covers procedures for proper lifting and rigging methods as well a
Rio Hondo College,CARP,040L,Solar Installer Level 1,1.5,,Not Applicable,This course is designed to meet the needs of indentured apprentices with the State of California who are interested in the carpentry industry. The course provides students with an industry overview and outlook for photov
Rio Hondo College,CARP,040M,Water Treatment Facilities,1.5,,Not Applicable,"This course is designed to meet the needs of Indentured Apprentices with the State of California who are interested in the carpentry industry. The course provides instruction in the detailing, layout and construction of "
Rio Hondo College,CARP,040N,Green Building and Weatherization,1.5,,Not Applicable,This course is designed to meet the needs of indentured apprentices with the State of California who are interested in the carpentry industry. The course begins with a detailed explanation of sustainable building science
Rio Hondo College,CARP,040P,Basic Wall Framing,1.5,,Not Applicable,"This course is designed to meet the needs of indentured apprentices with the State of California who are interested in the carpentry industry. The course presents the theory, methods, and procedures required to frame bas"
Rio Hondo College,CARP,040R,Tool and Equipment Application,1.5,,Not Applicable,This course is designed to meet the needs of indentured apprentices with the State of California who are interested in the carpentry industry. The course covers hand/power tool and equipment skill development for various
Rio Hondo College,CARP,040S,Moldings and Trim,1.5,,Not Applicable,This course is designed to meet the needs of indentured apprentices with the State of California who are interested in the carpentry industry. The course covers how moldings and trims are utilized to finish exterior and 
Rio Hondo College,CARP,040T,Storefront Installations,1.5,,Not Applicable,"This course is designed to meet the needs of indentured apprentices with the State of California who are interested in the carpentry industry. The course covers all aspects of the installation process, from constructing "
Rio Hondo College,CARP,040V,Basic Metal Framing,1.5,,Not Applicable,This course is designed to meet the needs of indentured apprentices with the State of California who are interested in the carpentry industry. The course provides an overview of residential metal framing theory and const
Rio Hondo College,CARP,050A,Basic Commercial Framing,1.5,,Not Applicable,This course is designed to meet the needs of indentured apprentices with the State of California who are interested in the carpentry industry. The course introduces students to the basic rake wall framing theory and comm
Rio Hondo College,CARP,050B,Cabinet Installation,1.5,,Not Applicable,"This course is designed to meet the needs of indentured apprentices with the State of California who are interested in the carpentry industry. The course provides procedures for design layout, cabinet installation, and a"
Rio Hondo College,CARP,050C,Doors & Door Hardware,1.5,,Not Applicable,This course is designed to meet the needs of indentured apprentices with the State of California who are interested in the carpentry industry. The course covers the installation processes for several types of security an
Rio Hondo College,CARP,050D,Basic Stairs,1.5,,Not Applicable,"This course is designed to meet the needs of indentured apprentices with the State of California who are interested in the carpentry industry. The course introduces students to stair framing theory, terminology, and cons"
Rio Hondo College,CARP,050E,Bridge Construction,1.5,,Not Applicable,"This course is designed to meet the needs of indentured apprentices with the State of California who are interested in the carpentry industry. The course covers bridge design and construction methods and procedures, and "
Rio Hondo College,CARP,050F,Tilt-Up Panel Construction,1.5,,Not Applicable,This course is designed to meet the needs of indentured apprentices with the State of California who are interested in the carpentry industry. The course covers layout techniques and building procedures for commercial st
Rio Hondo College,CARP,050G,Beam and Deck Forming,1.5,,Not Applicable,This course is designed to meet the needs of indentured apprentices with the State of California who are interested in the carpentry industry. The course is an introduction to the use of various woods and patented formin
Rio Hondo College,CARP,050H,Gang Forms and Columns,1.5,,Not Applicable,"This course is designed to meet the needs of indentured apprentices with the State of California who are interested in the carpentry industry. The course is an introduction to formwork types, applications, and constructi"
Rio Hondo College,CARP,050I,Abutments,1.5,,Not Applicable,This course is designed to meet the needs of indentured apprentices with the State of California who are interested in the carpentry industry. The course covers formwork construction skills for the abutment support struc
Rio Hondo College,CARP,050J,Exterior Finish Details,1.5,,Not Applicable,"This course is designed to meet the needs of indentured apprentices with the State of California who are interested in the carpentry industry. The course covers the terminology, design considerations, and construction te"
Rio Hondo College,CARP,050K,Advance Stairs,1.5,,Not Applicable,This course is designed to meet the needs of indentured apprentices with the State of California who are interested in the carpentry industry. The course covers basic stair construction before presenting advanced skills 
Rio Hondo College,CARP,050L,Advanced Commercial Framing,1.5,,Not Applicable,This course is designed to meet the needs of indentured apprentices with the State of California who are interested in the carpentry industry. The course covers advanced commercial wall framing theory and construction te
Rio Hondo College,CARP,050M,Bridge Falsework,1.5,,Not Applicable,This course is designed to meet the needs of indentured apprentices with the State of California who are interested in the carpentry industry. The course covers bridge falsework design and construction methods and proced
Rio Hondo College,CARP,050N,Advanced Roof Framing,1.5,,Not Applicable,"This course is designed to meet the needs of indentured apprentices with the State of California who are interested in the carpentry industry. The course covers the advanced skills used to frame hip roof types, including"
Rio Hondo College,CARP,050P,Panelized Roofing,1.5,,Not Applicable,This course is designed to meet the needs of indentured apprentices with the State of California who are interested in the carpentry industry. The course covers the structural components and building techniques associate
Rio Hondo College,CARP,050R,Intermediate Commercial Framing,1.5,,Not Applicable,"This course is designed to meet the needs of indentured apprentices with the State of California who are interested in the carpentry industry. The course goes beyond basic wall framing theory, and involves the applicatio"
Rio Hondo College,CARP,050S,Intermediate Stairs,1.5,,Not Applicable,This course is designed to meet the needs of indentured apprentices with the State of California who are interested in the carpentry industry. The course uses floor plans and print elevations at an intermediate level to 
Rio Hondo College,CARP,050T,Drywall Applications,1.5,,Not Applicable,This course is designed to meet the needs of indentured apprentices with the State of California who are interested in the carpentry industry. The course covers required and supplemental instruction for carpentry apprent
Rio Hondo College,CARP,050U,Interior Elevations,1.5,,Not Applicable,This course is designed to meet the needs of indentured apprentices with the State of California who are interested in the carpentry industry. The course covers required and supplemental instruction for carpentry apprent
Rio Hondo College,CARP,050V,Welding Fabrication,1.5,,Not Applicable,This course is designed to meet the needs of indentured apprentices with the State of California who are interested in the carpentry industry. The course is designed as an introduction to layout and basic welding and fab
Rio Hondo College,CARP,060A,Cabinet Millwork and Assembly,1.5,,Not Applicable,This course is designed to meet the needs of indentured apprentices with the State of California who are interested in the carpentry industry. The course provides details of cabinetry fabrication from design and function
Rio Hondo College,CARP,060B,Plastic Laminates,1.5,,Not Applicable,"This course is designed to meet the needs of indentured apprentices with the State of California who are interested in the carpentry industry. The course covers the materials, tools, and adhesive application techniques f"
Rio Hondo College,CARP,060C,Doors and Door Frames,1.5,,Not Applicable,"This course is designed to meet the needs of indentured apprentices with the State of California who are interested in the carpentry industry. The course covers the installation process of doors and door frames, from con"
Rio Hondo College,CARP,060D,Stair Trim,1.5,,Not Applicable,This course is designed to meet the needs of indentured apprentices with the State of California who are interested in the carpentry industry. The course covers how various trims are utilized to finish stair construction
Rio Hondo College,CARP,060E,Commercial Fixtures,1.5,,Not Applicable,This course is designed to meet the needs of indentured apprentices with the State of California who are interested in the carpentry industry. The course covers print interpretation and fabrication techniques used in the
Rio Hondo College,CARP,060F,Fitting Rooms/Partitions,1.5,,Not Applicable,"This course is designed to meet the needs of indentured apprentices with the State of California who are interested in the carpentry industry. The course covers style comparison, attachment methods, and installation tech"
Rio Hondo College,CARP,060G,Exit & Electrical Security Devices,1.5,,Not Applicable,"This course is designed to meet the needs of indentured apprentices with the State of California who are interested in the carpentry industry.  The course covers the classifications, types, models, codes, and uses for ac"
Rio Hondo College,CARP,060H,Solid and Stone Surfaces,1.5,,Not Applicable,This course is designed to meet the needs of indentured apprentices with the State of California who are interested in the mill and cabinet work industry. The course provides both basic and advanced assembly and installa
Rio Hondo College,CARP,060I,Hand/Power Tool Usage,1.5,,Not Applicable,"This course is designed to meet the needs of indentured apprentices with the State of California who are interested in the carpentry industry. The course covers the proper selection, safe use, and maintenance of both han"
Rio Hondo College,CARP,060J,Power Tools and Stationary Equipment,1.5,,Not Applicable,This course is designed to meet the needs of indentured apprentices with the State of California who are interested in the carpentry industry. The course provides instruction for the power tools and stationary equipment 
Rio Hondo College,CARP,060K,Print Reading and Stock Billing,2,,Not Applicable,This course is designed to meet the needs of indentured apprentices with the State of California who are interested in the carpentry industry. The course focuses on working drawings used in the designing and building of 
Rio Hondo College,CARP,060L,Material and Hardware Applications,1.5,,Not Applicable,This course is designed to meet the needs of indentured apprentices with the State of California who are interested in the carpentry industry. The course covers the characteristics and construction suitability of various
Rio Hondo College,CARP,060M,Production Casework and Assembly,1.5,,Not Applicable,"This course is designed to meet the needs of indentured apprentices with the State of California who are interested in the mill and cabinet work industry. The course provides details of cabinetry fabrication, from design"
Rio Hondo College,CARP,060N,Laminates and Overlays,1.5,,Not Applicable,"This course is designed to meet the needs of indentured apprentices with the State of California who are interested in the mill and cabinet work industry. The course covers materials, tools, and adhesive application tech"
Rio Hondo College,CARP,060P,"Jigs, Fixtures and Accessories",1.5,,Not Applicable,"This course is designed to meet the needs of indentured apprentices with the State of California who are interested in the mill and cabinet work industry. The course provides instruction for jigs, fixtures, and other acc"
Rio Hondo College,CARP,060R,Millwork and Specialty Applications,1.5,,Not Applicable,This course is designed to meet the needs of indentured apprentices with the State of California who are interested in the mill and cabinet work industry. The course covers how moldings and trims are utilized to finish w
Rio Hondo College,CARP,060S,Computerized Project Planning and Estimating,2,,Not Applicable,This course is designed to meet the needs of indentured apprentices with the State of California who are interested in the mill and cabinetmaker industry. The course focuses on computerized project planning and estimatin
Rio Hondo College,CARP,060T,Computer Applications CAD-CAM,2,,Not Applicable,This course is designed to meet the needs of indentured apprentices with the State of California who are interested in the mill and cabinetmaker industry. The course focuses on computerized software used to create produc
Rio Hondo College,CARP,060V,Building Information Modeling Concepts,2,,Not Applicable,This course is designed to meet the needs of indentured apprentices with the State of California who are interested in the mill and cabinetmaker industry. The course focuses on computerized software used in project manag
Rio Hondo College,CARP,060W,Building Information Modeling Computer Applications,2,,Not Applicable,This course is designed to meet the needs of indentured apprentices with the State of California who are interested in the mill and cabinetmaker industry. The course focuses on computerized software used to develop three
Rio Hondo College,CARP,070A,Basic Frame Scaffold,1.5,,Not Applicable,This course is designed to meet the needs of indentured apprentices with the State of California who are interested in the carpentry industry. The course covers the basic techniques and procedures used to erect frame sca
Rio Hondo College,CARP,070B,Basic Systems Scaffold,1.5,,Not Applicable,This course is designed to meet the needs of indentured apprentices with the State of California who are interested in the carpentry industry. The course covers the basic techniques and procedures used to erect system sc
Rio Hondo College,CARP,070C,Basic Tube and Clamp Scaffold,1.5,,Not Applicable,This course is designed to meet the needs of indentured apprentices with the State of California who are interested in the carpentry industry. The course covers the basic techniques and procedures used to erect tube and 
Rio Hondo College,CARP,070D,Basic Suspended Scaffold,1.5,,Not Applicable,This course is designed to meet the needs of indentured apprentices with the State of California who are interested in the carpentry industry. The course covers the basic techniques and procedures used to install suspend
Rio Hondo College,CARP,070E,Intermediate Frame Scaffold,1.5,,Not Applicable,This course is designed to meet the needs of indentured apprentices with the State of California who are interested in the carpentry industry. Students learn the skills required to construct elevated platforms that span 
Rio Hondo College,CARP,070F,Intermediate Systems Scaffold,1.5,,Not Applicable,This course is designed to meet the needs of indentured apprentices with the State of California who are interested in the carpentry industry. Students learn the skills required to construct elevated platforms that span 
Rio Hondo College,CARP,070G,Advanced Frame Scaffold,1.5,,Not Applicable,This course is designed to meet the needs of indentured apprentices with the State of California who are interested in the carpentry industry. The course teaches students how to adapt scaffold configurations to follow th
Rio Hondo College,CARP,070H,Advanced Systems Scaffold,1.5,,Not Applicable,This course is designed to meet the needs of indentured apprentices with the State of California who are interested in the carpentry industry. The course teaches students how to adapt scaffold configurations to follow th
Rio Hondo College,CARP,070I,Advanced Suspended Scaffold,1.5,,Not Applicable,This course is designed to meet the needs of indentured apprentices with the State of California who are interested in the carpentry industry. The course covers the advanced techniques and procedures required when constr
Rio Hondo College,CARP,070J,Confine Space,2,,Not Applicable,"This course is designed to meet the needs of indentured apprentices with the State of California who are interested in the carpentry industry. The course covers safe access, entry, and monitoring methods for work-confine"
Rio Hondo College,CARP,070K,Scaffold Reshoring,1.5,,Not Applicable,"This course is designed to meet the needs of indentured apprentices with the State of California who are interested in the carpentry industry. The course covers the basic techniques and procedures associated with frame, "
Rio Hondo College,CARP,070L,Specialty Scaffold Applications,1.5,,Not Applicable,"This course is designed to meet the needs of indentured apprentices with the State of California who are interested in the carpentry industry. The course covers specialty scaffold applications focusing on ramps, chutes, "
Rio Hondo College,CARP,070N,Scaffold Erector Qualification,1.5,,Not Applicable,This course is designed to meet the needs of indentured apprentices with the State of California who are interested in the carpentry industry. The course is designed to comply with applicable regulations and to provide s
Rio Hondo College,CARP,070P,Industrial Scaffolding,1.5,,Not Applicable,This course is designed to meet the needs of indentured apprentices with the State of California who are interested in the carpentry industry. The course covers the basic techniques and procedures associated with frame s
Rio Hondo College,CARP,080A,Basic Wood Flooring Installation,1.5,,Not Applicable,This course is designed to meet the needs of indentured apprentices with the State of California who are interested in the carpentry industry. The course provides an introduction to wood flooring materials and installati
Rio Hondo College,CARP,080B,Borders,1.5,,Not Applicable,This course is designed to meet the needs of indentured apprentices with the State of California who are interested in the carpentry industry. The course covers the fabrication and production skills used to create border
Rio Hondo College,CARP,080C,Parquet Flooring,1.5,,Not Applicable,This course is designed to meet the needs of indentured apprentices with the State of California who are interested in the carpentry industry. The course covers the methods and techniques for installing parquet flooring.
Rio Hondo College,CARP,080D,Advanced Patterns,1.5,,Not Applicable,This course is designed to meet the needs of indentured apprentices with the State of California who are interested in the carpentry industry. The course covers the fabrication and installation skills used in the product
Rio Hondo College,CARP,080E,Diagonal and Herringbone Patterns,1.5,,Not Applicable,This course is designed to meet the needs of indentured apprentices with the State of California who are interested in the carpentry industry. The course covers the fabrication and installation skills used in the product
Rio Hondo College,CARP,080F,Crew Lead Training,2,,Not Applicable,This course is designed to meet the needs of indentured apprentices with the State of California who are interested in the carpentry industry. The course covers the supervisory and crew leadership skills required for pro
Rio Hondo College,CARP,290,Work Experience Education in Carpenters Apprenticeship,1,,Not Applicable,This course provides students the opportunity to work in the Carpenters apprenticeship program for the purpose of developing specific skills to meet the goals and objectives of the Carpenters Joint Apprenticeship and Tra
